Date,Closing Price,Log price,Log difference
12/31/2007,"1,468.40",7.2919287,-0.006854688
12/28/2007,"1,478.50",7.2987833,0.001421368
12/27/2007,"1,476.40",7.297362,-0.014323906
12/26/2007,"1,497.70",7.3116859,0.00080155
12/24/2007,"1,496.50",7.3108843,0.008051033
12/21/2007,"1,484.50",7.3028333,0.016573089
12/20/2007,"1,460.10",7.2862602,0.004874542
12/19/2007,"1,453.00",7.2813857,-0.001375516
12/18/2007,"1,455.00",7.2827612,0.006273936
12/17/2007,"1,445.90",7.2764872,-0.015168965
12/14/2007,"1,468.00",7.2916562,-0.013800787
12/13/2007,"1,488.40",7.305457,0.001210084
12/12/2007,"1,486.60",7.3042469,0.006004808
12/11/2007,"1,477.70",7.2982421,-0.025588462
12/10/2007,"1,516.00",7.3238306,0.007481744
12/07/2007,"1,504.70",7.3163488,-0.001726428
12/06/2007,"1,507.30",7.3180752,0.014905199
12/05/2007,"1,485.00",7.3031701,0.015062365
12/04/2007,"1,462.80",7.2881077,-0.006541315
12/03/2007,"1,472.40",7.294649,-0.005891332
11/30/2007,"1,481.10",7.3005403,0.007726757
11/29/2007,"1,469.70",7.2928136,0.000476401
11/28/2007,"1,469.00",7.2923372,0.028166987
11/27/2007,"1,428.20",7.2641702,0.014812996
11/26/2007,"1,407.20",7.2493572,-0.023527192
11/23/2007,"1,440.70",7.2728844,0.016728299
11/21/2007,"1,416.80",7.2561561,-0.016033951
11/20/2007,"1,439.70",7.27219,0.004455281
11/19/2007,"1,433.30",7.2677348,-0.01756615
11/16/2007,"1,458.70",7.2853009,0.005154828
11/15/2007,"1,451.20",7.2801461,-0.01327968
11/14/2007,"1,470.60",7.2934258,-0.007047055
11/13/2007,"1,481.00",7.3004728,0.028630132
11/12/2007,"1,439.20",7.2718427,-0.010024627
11/09/2007,"1,453.70",7.2818673,-0.014410357
11/08/2007,"1,474.80",7.2962777,-0.000542299
11/07/2007,"1,475.60",7.29682,-0.029842997
11/06/2007,"1,520.30",7.326663,0.011976984
11/05/2007,"1,502.20",7.314686,-0.004980255
11/02/2007,"1,509.70",7.3196662,0.000861469
11/01/2007,"1,508.40",7.3188048,-0.026818273
10/31/2007,"1,549.40",7.345623,0.011946643
10/30/2007,"1,531.00",7.3336764,-0.00651044
10/29/2007,"1,541.00",7.3401868,0.003705755
10/26/2007,"1,535.30",7.3364811,0.013706481
10/25/2007,"1,514.40",7.3227746,-0.000990001
10/24/2007,"1,515.90",7.3237646,-0.00243782
10/23/2007,"1,519.60",7.3262024,0.00879083
10/22/2007,"1,506.30",7.3174116,0.003791285
10/19/2007,"1,500.60",7.3136203,-0.025982321
10/18/2007,"1,540.10",7.3396026,-0.000713984
10/17/2007,"1,541.20",7.3403166,0.001753418
10/16/2007,"1,538.50",7.3385632,-0.006607954
10/15/2007,"1,548.70",7.3451711,-0.008423133
10/12/2007,"1,561.80",7.3535943,0.004749383
10/11/2007,"1,554.40",7.3488449,-0.005197484
10/10/2007,"1,562.50",7.3540424,-0.001726509
10/09/2007,"1,565.20",7.3557689,0.008082666
10/08/2007,"1,552.60",7.3476862,-0.00321523
10/05/2007,"1,557.60",7.3509015,0.009547228
10/04/2007,"1,542.80",7.3413542,0.002076305
10/03/2007,"1,539.60",7.3392779,-0.004536331
10/02/2007,"1,546.60",7.3438143,-0.000258598
10/01/2007,"1,547.00",7.3440729,0.01314353
09/28/2007,"1,526.80",7.3309293,-0.003008308
09/27/2007,"1,531.40",7.3339376,0.003925679
09/26/2007,"1,525.40",7.3300119,0.00539014
09/25/2007,"1,517.20",7.3246218,-0.0003295
09/24/2007,"1,517.70",7.3249513,-0.005322832
09/21/2007,"1,525.80",7.3302741,0.004598313
09/20/2007,"1,518.80",7.3256758,-0.006693378
09/19/2007,"1,529.00",7.3323692,0.00603518
09/18/2007,"1,519.80",7.326334,0.028768879
09/17/2007,"1,476.70",7.2975651,-0.005066038
09/14/2007,"1,484.20",7.3026312,0.000134762
09/13/2007,"1,484.00",7.3024964,0.0083909
09/12/2007,"1,471.60",7.2941055,6.80E-05
09/11/2007,"1,471.50",7.2940376,0.013547005
09/10/2007,"1,451.70",7.2804906,-0.001239158
09/07/2007,"1,453.50",7.2817297,-0.017053619
09/06/2007,"1,478.50",7.2987833,0.004202256
09/05/2007,"1,472.30",7.2945811,-0.01154755
09/04/2007,"1,489.40",7.3061286,0.010393561
08/31/2007,"1,474.00",7.2957351,0.011188546
08/30/2007,"1,457.60",7.2845465,-0.004244547
08/29/2007,"1,463.80",7.2887911,0.021684435
08/28/2007,"1,432.40",7.2671066,-0.023731798
08/27/2007,"1,466.80",7.2908384,-0.008553443
08/24/2007,"1,479.40",7.2993919,0.0114893
08/23/2007,"1,462.50",7.2879026,-0.001093419
08/22/2007,"1,464.10",7.288996,0.011679165
08/21/2007,"1,447.10",7.2773168,0.001106271
08/20/2007,"1,445.50",7.2762106,-0.000276683
08/17/2007,"1,445.90",7.2764872,0.0242207
08/16/2007,"1,411.30",7.2522665,0.00326473
08/15/2007,"1,406.70",7.2490018,-0.013977356
08/14/2007,"1,426.50",7.2629792,-0.018337667
08/13/2007,"1,452.90",7.2813168,-0.000481679
08/10/2007,"1,453.60",7.2817985,0.000344033
08/09/2007,"1,453.10",7.2814545,-0.030097846
08/08/2007,"1,497.50",7.3115523,0.013987183
08/07/2007,"1,476.70",7.2975651,0.006113319
08/06/2007,"1,467.70",7.2914518,0.02385662
08/03/2007,"1,433.10",7.2675952,-0.026917951
08/02/2007,"1,472.20",7.2945132,0.004356712
08/01/2007,"1,465.80",7.2901564,0.007189104
07/31/2007,"1,455.30",7.2829673,-0.012699884
07/30/2007,"1,473.90",7.2956672,0.010160679
07/27/2007,"1,459.00",7.2855065,-0.016113481
07/26/2007,"1,482.70",7.30162,-0.023594803
07/25/2007,"1,518.10",7.3252148,0.00468787
07/24/2007,"1,511.00",7.320527,-0.020049155
07/23/2007,"1,541.60",7.3405761,0.004876948
07/20/2007,"1,534.10",7.3356992,-0.012309044
07/19/2007,"1,553.10",7.3480082,0.004452626
07/18/2007,"1,546.20",7.3435556,-0.002067451
07/17/2007,"1,549.40",7.345623,-6.45E-05
07/16/2007,"1,549.50",7.3456876,-0.001934237
07/13/2007,"1,552.50",7.3476218,0.003096577
07/12/2007,"1,547.70",7.3445252,0.018849409
07/11/2007,"1,518.80",7.3256758,0.005744676
07/10/2007,"1,510.10",7.3199312,-0.014267641
07/09/2007,"1,531.80",7.3341988,0.000914375
07/06/2007,"1,530.40",7.3332844,0.003272468
07/05/2007,"1,525.40",7.3300119,0.000327837
07/03/2007,"1,524.90",7.3296841,0.003613314
07/02/2007,"1,519.40",7.3260708,0.010652828
06/29/2007,"1,503.30",7.315418,-0.001595215
06/28/2007,"1,505.70",7.3170132,-0.000398406
06/27/2007,"1,506.30",7.3174116,0.008935776
06/26/2007,"1,492.90",7.3084758,-0.003210061
06/25/2007,"1,497.70",7.3116859,-0.003266343
06/22/2007,"1,502.60",7.3149522,-0.012959716
06/21/2007,"1,522.20",7.3279119,0.006194418
06/20/2007,"1,512.80",7.3217175,-0.013720878
06/19/2007,"1,533.70",7.3354384,0.001762
06/18/2007,"1,531.00",7.3336764,-0.00124025
06/15/2007,"1,532.90",7.3349166,0.006479292
06/14/2007,"1,523.00",7.3284374,0.004804695
06/13/2007,"1,515.70",7.3236327,0.01508986
06/12/2007,"1,493.00",7.3085428,-0.010725928
06/11/2007,"1,509.10",7.3192687,0.000928136
06/08/2007,"1,507.70",7.3183406,0.011339503
06/07/2007,"1,490.70",7.3070011,-0.017752536
06/06/2007,"1,517.40",7.3247536,-0.008922773
06/05/2007,"1,531.00",7.3336764,-0.005341684
06/04/2007,"1,539.20",7.3390181,0.001885873
06/01/2007,"1,536.30",7.3371322,0.003717113
05/31/2007,"1,530.60",7.3334151,0.00026137
05/30/2007,"1,530.20",7.3331537,0.007938893
05/29/2007,"1,518.10",7.3252148,0.001582175
05/25/2007,"1,515.70",7.3236327,0.005424729
05/24/2007,"1,507.50",7.3182079,-0.009769699
05/23/2007,"1,522.30",7.3279776,-0.001181723
05/22/2007,"1,524.10",7.3291594,-0.00065591
05/21/2007,"1,525.10",7.3298153,0.001509236
05/18/2007,"1,522.80",7.328306,0.006588507
05/17/2007,"1,512.80",7.3217175,-0.000858965
05/16/2007,"1,514.10",7.3225765,0.008556415
05/15/2007,"1,501.20",7.3140201,-0.001331381
05/14/2007,"1,503.20",7.3153514,-0.001728149
05/11/2007,"1,505.80",7.3170796,0.009541993
05/10/2007,"1,491.50",7.3075376,-0.014047699
05/09/2007,"1,512.60",7.3215853,0.003244714
05/08/2007,"1,507.70",7.3183406,-0.001193159
05/07/2007,"1,509.50",7.3195337,0.00258698
05/04/2007,"1,505.60",7.3169468,0.00212766
05/03/2007,"1,502.40",7.3148191,0.004335797
05/02/2007,"1,495.90",7.3104833,0.006438222
05/01/2007,"1,486.30",7.3040451,0.002627414
04/30/2007,"1,482.40",7.3014177,-0.007861623
04/27/2007,"1,494.10",7.3092793,-6.69E-05
04/26/2007,"1,494.20",7.3093462,-0.000802783
04/25/2007,"1,495.40",7.310149,0.010081408
04/24/2007,"1,480.40",7.3000676,-0.00033769
04/23/2007,"1,480.90",7.3004053,-0.00229327
04/20/2007,"1,484.30",7.3026986,0.009204803
04/19/2007,"1,470.70",7.2934938,-0.001223159
04/18/2007,"1,472.50",7.2947169,0.000679348
04/17/2007,"1,471.50",7.2940376,0.002040817
04/16/2007,"1,468.50",7.2919968,0.010748743
04/13/2007,"1,452.80",7.281248,0.003447566
04/12/2007,"1,447.80",7.2778004,0.00616623
04/11/2007,"1,438.90",7.2716342,-0.006580566
04/10/2007,"1,448.40",7.2782148,0.002627032
04/09/2007,"1,444.60",7.2755877,0.00055394
04/05/2007,"1,443.80",7.2750338,0.003052167
04/04/2007,"1,439.40",7.2719816,0.001112193
04/03/2007,"1,437.80",7.2708694,0.009293293
04/02/2007,"1,424.50",7.2615762,0.002530401
03/30/2007,"1,420.90",7.2590458,-0.001125413
03/29/2007,"1,422.50",7.2601712,0.003732793
03/28/2007,"1,417.20",7.2564384,-0.00801185
03/27/2007,"1,428.60",7.2644502,-0.00621055
03/26/2007,"1,437.50",7.2706608,0.000974388
03/23/2007,"1,436.10",7.2696864,0.00111475
03/22/2007,"1,434.50",7.2685716,-0.000348493
03/21/2007,"1,435.00",7.2689201,0.016937051
03/20/2007,"1,410.90",7.2519831,0.006256686
03/19/2007,"1,402.10",7.2457264,0.010827971
03/16/2007,"1,387.00",7.2348984,-0.003813915
03/15/2007,"1,392.30",7.2387123,0.003669729
03/14/2007,"1,387.20",7.2350426,0.006654154
03/13/2007,"1,378.00",7.2283885,-0.020542272
03/12/2007,"1,406.60",7.2489307,0.002705206
03/09/2007,"1,402.80",7.2462255,0.00064178
03/08/2007,"1,401.90",7.2455837,0.007086897
03/07/2007,"1,392.00",7.2384968,-0.002439551
03/06/2007,"1,395.40",7.2409364,0.015382141
03/05/2007,"1,374.10",7.2255543,-0.009488356
03/02/2007,"1,387.20",7.2350426,-0.011468016
03/01/2007,"1,403.20",7.2465106,-0.002562279
02/28/2007,"1,406.80",7.2490729,0.005559926
02/27/2007,"1,399.00",7.243513,-0.035391982
02/26/2007,"1,449.40",7.278905,-0.001241123
02/23/2007,"1,451.20",7.2801461,-0.003576837
02/22/2007,"1,456.40",7.2837229,-0.00082361
02/21/2007,"1,457.60",7.2845465,-0.001439688
02/20/2007,"1,459.70",7.2859862,0.002881451
02/16/2007,"1,455.50",7.2831048,-0.000892765
02/15/2007,"1,456.80",7.2839975,0.001030184
02/14/2007,"1,455.30",7.2829673,0.00758729
02/13/2007,"1,444.30",7.2753801,0.007575531
02/12/2007,"1,433.40",7.2678045,-0.003273553
02/09/2007,"1,438.10",7.2710781,-0.007067657
02/08/2007,"1,448.30",7.2781457,-0.001173102
02/07/2007,"1,450.00",7.2793188,0.001380262
02/06/2007,"1,448.00",7.2779386,0.000690846
02/05/2007,"1,447.00",7.2772477,-0.000967051
02/02/2007,"1,448.40",7.2782148,0.001727534
02/01/2007,"1,445.90",7.2764872,0.005339633
01/31/2007,"1,438.20",7.2711476,0.006557401
01/30/2007,"1,428.80",7.2645902,0.005755614
01/29/2007,"1,420.60",7.2588346,-0.001125651
01/26/2007,"1,422.20",7.2599602,-0.001194617
01/25/2007,"1,423.90",7.2611549,-0.01131297
01/24/2007,"1,440.10",7.2724678,0.008437692
01/23/2007,"1,428.00",7.2640301,0.003507545
01/22/2007,"1,423.00",7.2605226,-0.005256714
01/19/2007,"1,430.50",7.2657793,0.002870246
01/18/2007,"1,426.40",7.2629091,-0.002940149
01/17/2007,"1,430.60",7.2658492,-0.000908297
01/16/2007,"1,431.90",7.2667575,0.000838399
01/12/2007,"1,430.70",7.2659191,0.004834481
01/11/2007,"1,423.80",7.2610846,0.006341175
01/10/2007,"1,414.80",7.2547435,0.00191022
01/09/2007,"1,412.10",7.2528332,-0.000495593
01/08/2007,"1,412.80",7.2533288,0.002196635
01/05/2007,"1,409.70",7.2511322,-0.006082056
01/04/2007,"1,418.30",7.2572143,0.001199337
01/03/2007,"1,416.60",7.2560149,-0.001199337
12/29/2006,"1,418.30",7.2572143,-0.004502294
12/28/2006,"1,424.70",7.2617165,-0.001472909
12/27/2006,"1,426.80",7.2631895,0.006962788
12/26/2006,"1,416.90",7.2562267,0.004314467
12/22/2006,"1,410.80",7.2519122,-0.005302052
12/21/2006,"1,418.30",7.2572143,-0.003659656
12/20/2006,"1,423.50",7.2608739,-0.001404002
12/19/2006,"1,425.50",7.2622779,0.002106742
12/18/2006,"1,422.50",7.2601712,-0.003228526
12/15/2006,"1,427.10",7.2633997,0.001121784
12/14/2006,"1,425.50",7.2622779,0.008665993
12/13/2006,"1,413.20",7.2536119,0.001132824
12/12/2006,"1,411.60",7.2524791,-0.000991291
12/11/2006,"1,413.00",7.2534704,0.002267253
12/08/2006,"1,409.80",7.2512031,0.001774875
12/07/2006,"1,407.30",7.2494283,-0.003971355
12/06/2006,"1,412.90",7.2533996,-0.001343849
12/05/2006,"1,414.80",7.2547435,0.004036976
12/04/2006,"1,409.10",7.2507065,0.008838891
12/01/2006,"1,396.70",7.2418676,-0.002788405
11/30/2006,"1,400.60",7.244656,0.000785686
11/29/2006,"1,399.50",7.2438703,0.009188206
11/28/2006,"1,386.70",7.2346821,0.00346746
11/27/2006,"1,381.90",7.2312146,-0.013726904
11/24/2006,"1,401.00",7.2449415,-0.003633647
11/22/2006,"1,406.10",7.2485752,0.002349675
11/21/2006,"1,402.80",7.2462255,0.001640924
11/20/2006,"1,400.50",7.2445846,-0.000499697
11/17/2006,"1,401.20",7.2450843,0.000999643
11/16/2006,"1,399.80",7.2440846,0.002288658
11/15/2006,"1,396.60",7.241796,0.002437452
11/14/2006,"1,393.20",7.2393585,0.006336427
11/13/2006,"1,384.40",7.2330221,0.002531372
11/10/2006,"1,380.90",7.2304907,0.001884605
11/09/2006,"1,378.30",7.2286061,-0.005354571
11/08/2006,"1,385.70",7.2339607,0.002094998
11/07/2006,"1,382.80",7.2318657,0.002171868
11/06/2006,"1,379.80",7.2296938,0.011297085
11/03/2006,"1,364.30",7.2183968,-0.002196516
11/02/2006,"1,367.30",7.2205933,-0.000365617
11/01/2006,"1,367.80",7.2209589,-0.007356991
10/31/2006,"1,377.90",7.2283159,0
10/30/2006,"1,377.90",7.2283159,0.00043554
10/27/2006,"1,377.30",7.2278803,-0.008530994
10/26/2006,"1,389.10",7.2364113,0.004979623
10/25/2006,"1,382.20",7.2314317,0.003478769
10/24/2006,"1,377.40",7.2279529,0.000290444
10/23/2006,"1,377.00",7.2276625,0.0061189
10/20/2006,"1,368.60",7.2215436,0.001169762
10/19/2006,"1,367.00",7.2203738,0.000731797
10/18/2006,"1,366.00",7.219642,0.001465202
10/17/2006,"1,364.00",7.2181768,-0.003658987
10/16/2006,"1,369.00",7.2218358,0.002486654
10/13/2006,"1,365.60",7.2193492,0.002052486
10/12/2006,"1,362.80",7.2172967,0.009436814
10/11/2006,"1,350.00",7.2078599,-0.002515352
10/10/2006,"1,353.40",7.2103752,0.001996968
10/09/2006,"1,350.70",7.2083783,0.000814724
10/06/2006,"1,349.60",7.2075635,-0.002663906
10/05/2006,"1,353.20",7.2102274,0.002219428
10/04/2006,"1,350.20",7.208008,0.011995822
10/03/2006,"1,334.10",7.1960122,0.002100999
10/02/2006,"1,331.30",7.1939112,-0.003374455
09/29/2006,"1,335.80",7.1972856,-0.002542057
09/28/2006,"1,339.20",7.1998277,0.001943345
09/27/2006,"1,336.60",7.1978844,0.000224475
09/26/2006,"1,336.30",7.1976599,0.007436095
09/25/2006,"1,326.40",7.1902238,0.008783943
09/22/2006,"1,314.80",7.1814398,-0.002430873
09/21/2006,"1,318.00",7.1838707,-0.005447955
09/20/2006,"1,325.20",7.1893187,0.005220364
09/19/2006,"1,318.30",7.1840983,-0.002197387
09/18/2006,"1,321.20",7.1862957,0.000984438
09/15/2006,"1,319.90",7.1853113,0.002731206
09/14/2006,"1,316.30",7.18258,-0.001366535
09/13/2006,"1,318.10",7.1839466,0.003800552
09/12/2006,"1,313.10",7.180146,0.010411179
09/11/2006,"1,299.50",7.1697349,0.000461823
09/08/2006,"1,298.90",7.169273,0.003779556
09/07/2006,"1,294.00",7.1654935,-0.004856811
09/06/2006,"1,300.30",7.1703503,-0.0098719
09/05/2006,"1,313.20",7.1802222,0.001676702
09/01/2006,"1,311.00",7.1785455,0.005507127
08/31/2006,"1,303.80",7.1730384,-0.000383421
08/30/2006,"1,304.30",7.1734218,0
08/29/2006,"1,304.30",7.1734218,0.001918576
08/28/2006,"1,301.80",7.1715032,0.00516001
08/25/2006,"1,295.10",7.1663432,-0.000771843
08/24/2006,"1,296.10",7.167115,0.002394656
08/23/2006,"1,293.00",7.1647204,-0.004475661
08/22/2006,"1,298.80",7.169196,0.001001425
08/21/2006,"1,297.50",7.1681946,-0.003692596
08/18/2006,"1,302.30",7.1718872,0.003692596
08/17/2006,"1,297.50",7.1681946,0.001619808
08/16/2006,"1,295.40",7.1665748,0.007593992
08/15/2006,"1,285.60",7.1589808,0.013626963
08/14/2006,"1,268.20",7.1453539,0.001183479
08/11/2006,"1,266.70",7.1441704,-0.004018126
08/10/2006,"1,271.80",7.1481885,0.004570896
08/09/2006,"1,266.00",7.1436176,-0.004334982
08/08/2006,"1,271.50",7.1479526,-0.003376127
08/07/2006,"1,275.80",7.1513287,-0.002817785
08/04/2006,"1,279.40",7.1541465,-0.000703207
08/03/2006,"1,280.30",7.1548497,0.00140691
08/02/2006,"1,278.50",7.1534428,0.005962205
08/01/2006,"1,270.90",7.1474806,-0.004553313
07/31/2006,"1,276.70",7.1520339,-0.001408892
07/28/2006,"1,278.50",7.1534428,0.012039332
07/27/2006,"1,263.20",7.1414035,-0.00410808
07/26/2006,"1,268.40",7.1455115,-0.00039412
07/25/2006,"1,268.90",7.1459057,0.006324632
07/24/2006,"1,260.90",7.139581,0.016472466
07/21/2006,"1,240.30",7.1231086,-0.007070006
07/20/2006,"1,249.10",7.1301786,-0.008529686
07/19/2006,"1,259.80",7.1387083,0.018344729
07/18/2006,"1,236.90",7.1203635,0.00194222
07/17/2006,"1,234.50",7.1184213,-0.001376128
07/14/2006,"1,236.20",7.1197974,-0.004922342
07/13/2006,"1,242.30",7.1247198,-0.013035492
07/12/2006,"1,258.60",7.1377553,-0.010983477
07/11/2006,"1,272.50",7.1487387,0.004094816
07/10/2006,"1,267.30",7.1446439,0.001421352
07/07/2006,"1,265.50",7.1432226,-0.006772746
07/06/2006,"1,274.10",7.1499953,0.002514736
07/05/2006,"1,270.90",7.1474806,-0.007291005
07/03/2006,"1,280.20",7.1547716,0.007841947
06/30/2006,"1,270.20",7.1469296,-0.002123394
06/29/2006,"1,272.90",7.149053,0.021359342
06/28/2006,"1,246.00",7.1276937,0.00547241
06/27/2006,"1,239.20",7.1222213,-0.009157426
06/26/2006,"1,250.60",7.1313787,0.004889593
06/23/2006,"1,244.50",7.1264891,-0.000883499
06/22/2006,"1,245.60",7.1273726,-0.005284663
06/21/2006,"1,252.20",7.1326573,0.009709983
06/20/2006,"1,240.10",7.1229473,0
06/19/2006,"1,240.10",7.1229473,-0.00915081
06/16/2006,"1,251.50",7.1320981,-0.003748459
06/15/2006,"1,256.20",7.1358466,0.021077122
06/14/2006,"1,230.00",7.1147694,0.005135113
06/13/2006,"1,223.70",7.1096343,-0.010324875
06/12/2006,"1,236.40",7.1199592,-0.012777929
06/09/2006,"1,252.30",7.1327371,-0.004461803
06/08/2006,"1,257.90",7.1371989,0.001352373
06/07/2006,"1,256.20",7.1358466,-0.006031764
06/06/2006,"1,263.80",7.1418783,-0.001186193
06/05/2006,"1,265.30",7.1430645,-0.017936647
06/02/2006,"1,288.20",7.1610012,0.001942578
06/01/2006,"1,285.70",7.1590586,0.01220768
05/31/2006,"1,270.10",7.1468509,0.008142659
05/30/2006,"1,259.80",7.1387083,-0.016063338
05/26/2006,"1,280.20",7.1547716,0.005718554
05/25/2006,"1,272.90",7.149053,0.01129777
05/24/2006,"1,258.60",7.1377553,0.001590331
05/23/2006,"1,256.60",7.1361649,-0.004367339
05/22/2006,"1,262.10",7.1405323,-0.003874901
05/19/2006,"1,267.00",7.1444072,0.004112628
05/18/2006,"1,261.80",7.1402946,-0.00671382
05/17/2006,"1,270.30",7.1470084,-0.017015709
05/16/2006,"1,292.10",7.1640241,-0.001855718
05/15/2006,"1,294.50",7.1658798,0.002552502
05/12/2006,"1,291.20",7.1633273,-0.01132044
05/11/2006,"1,305.90",7.1746477,-0.012858244
05/10/2006,"1,322.80",7.187506,-0.001737226
05/09/2006,"1,325.10",7.1892432,0.00030191
05/08/2006,"1,324.70",7.1889413,-0.000830032
05/05/2006,"1,325.80",7.1897713,0.010310933
05/04/2006,"1,312.20",7.1794604,0.003358782
05/03/2006,"1,307.80",7.1761016,-0.004120571
05/02/2006,"1,313.20",7.1802222,0.006110621
05/01/2006,"1,305.20",7.1741116,-0.004128762
04/28/2006,"1,310.60",7.1782403,0.000686944
04/27/2006,"1,309.70",7.1775534,0.003288596
04/26/2006,"1,305.40",7.1742648,0.002838405
04/25/2006,"1,301.70",7.1714264,-0.0049046
04/24/2006,"1,308.10",7.176331,-0.002443309
04/21/2006,"1,311.30",7.1787743,-0.000152509
04/20/2006,"1,311.50",7.1789268,0.001220722
04/19/2006,"1,309.90",7.1777061,0.001680929
04/18/2006,"1,307.70",7.1760251,0.017277715
04/17/2006,"1,285.30",7.1587474,-0.002952146
04/13/2006,"1,289.10",7.1616996,0.000776036
04/12/2006,"1,288.10",7.1609235,0.001165184
04/11/2006,"1,286.60",7.1597584,-0.007742374
04/10/2006,"1,296.60",7.1675007,0.000848733
04/07/2006,"1,295.50",7.166652,-0.010366766
04/06/2006,"1,309.00",7.1770188,-0.001984279
04/05/2006,"1,311.60",7.179003,0.004355308
04/04/2006,"1,305.90",7.1746477,0.006221935
04/03/2006,"1,297.80",7.1684258,0.00231428
03/31/2006,"1,294.80",7.1661115,-0.004161856
03/30/2006,"1,300.20",7.1702734,-0.00207445
03/29/2006,"1,302.90",7.1723478,0.007472782
03/28/2006,"1,293.20",7.164875,-0.00647451
03/27/2006,"1,301.60",7.1713496,-0.001075021
03/24/2006,"1,303.00",7.1724246,0.000998196
03/23/2006,"1,301.70",7.1714264,-0.002531938
03/22/2006,"1,305.00",7.1739583,0.005994945
03/21/2006,"1,297.20",7.1679634,-0.006071571
03/20/2006,"1,305.10",7.1740349,-0.001607779
03/17/2006,"1,307.20",7.1756427,0.001454546
03/16/2006,"1,305.30",7.1741882,0.001763601
03/15/2006,"1,303.00",7.1724246,0.004229962
03/14/2006,"1,297.50",7.1681946,0.010381252
03/13/2006,"1,284.10",7.1578134,0.001948787
03/10/2006,"1,281.60",7.1558646,0.007361612
03/09/2006,"1,272.20",7.148503,-0.00493983
03/08/2006,"1,278.50",7.1534428,0.002035704
03/07/2006,"1,275.90",7.1514071,-0.001879258
03/06/2006,"1,278.30",7.1532863,-0.006938247
03/03/2006,"1,287.20",7.1602246,-0.001474984
03/02/2006,"1,289.10",7.1616996,-0.001627718
03/01/2006,"1,291.20",7.1633273,0.008165215
02/28/2006,"1,280.70",7.1551621,-0.010408669
02/27/2006,"1,294.10",7.1655708,0.003638479
02/24/2006,"1,289.40",7.1619323,0.001241658
02/23/2006,"1,287.80",7.1606906,-0.003797718
02/22/2006,"1,292.70",7.1644883,0.007531969
02/21/2006,"1,283.00",7.1569564,-0.003268231
02/17/2006,"1,287.20",7.1602246,-0.001707677
02/16/2006,"1,289.40",7.1619323,0.007316916
02/15/2006,"1,280.00",7.1546154,0.003521819
02/14/2006,"1,275.50",7.1510935,0.009927595
02/13/2006,"1,262.90",7.1411659,-0.003241238
02/10/2006,"1,267.00",7.1444072,0.002528846
02/09/2006,"1,263.80",7.1418783,-0.001502273
02/08/2006,"1,265.70",7.1433806,0.008649131
02/07/2006,"1,254.80",7.1347315,-0.008095925
02/06/2006,"1,265.00",7.1428274,0.000790826
02/03/2006,"1,264.00",7.1420366,-0.005365328
02/02/2006,"1,270.80",7.1474019,-0.009164675
02/01/2006,"1,282.50",7.1565666,0.001873098
01/31/2006,"1,280.10",7.1546935,-0.003976148
01/30/2006,"1,285.20",7.1586696,0.001167815
01/27/2006,"1,283.70",7.1575018,0.007741974
01/26/2006,"1,273.80",7.1497598,0.007169619
01/25/2006,"1,264.70",7.1425902,-0.001738032
01/24/2006,"1,266.90",7.1443283,0.002449916
01/23/2006,"1,263.80",7.1418783,0.001821566
01/20/2006,"1,261.50",7.1400568,-0.018457229
01/19/2006,"1,285.00",7.158514,0.005540613
01/18/2006,"1,277.90",7.1529734,-0.003905035
01/17/2006,"1,282.90",7.1568784,-0.00365688
01/13/2006,"1,287.60",7.1605353,0.001165637
01/12/2006,"1,286.10",7.1593697,-0.00627836
01/11/2006,"1,294.20",7.165648,0.00348311
01/10/2006,"1,289.70",7.1621649,-0.000387612
01/09/2006,"1,290.20",7.1625525,0.003649497
01/06/2006,"1,285.50",7.158903,0.009378732
01/05/2006,"1,273.50",7.1495243,0
01/04/2006,"1,273.50",7.1495243,0.003697444
01/03/2006,"1,268.80",7.1458269,0.016288946
12/30/2005,"1,248.30",7.1295379,-0.004874745
12/29/2005,"1,254.40",7.1344126,-0.003024758
12/28/2005,"1,258.20",7.1374374,0.00135205
12/27/2005,"1,256.50",7.1360854,-0.009662676
12/23/2005,"1,268.70",7.145748,0.000473037
12/22/2005,"1,268.10",7.145275,0.00418824
12/21/2005,"1,262.80",7.1410868,0.002537267
12/20/2005,"1,259.60",7.1385495,-0.000238142
12/19/2005,"1,259.90",7.1387876,-0.0058563
12/16/2005,"1,267.30",7.1446439,-0.002836658
12/15/2005,"1,270.90",7.1474806,-0.001415317
12/14/2005,"1,272.70",7.1488959,0.00417307
12/13/2005,"1,267.40",7.1447228,0.005538427
12/12/2005,"1,260.40",7.1391844,0.000793714
12/09/2005,"1,259.40",7.1383907,0.002862597
12/08/2005,"1,255.80",7.1355281,-0.001273277
12/07/2005,"1,257.40",7.1368014,-0.004997829
12/06/2005,"1,263.70",7.1417992,0.001266926
12/05/2005,"1,262.10",7.1405323,-0.00237417
12/02/2005,"1,265.10",7.1429064,0.000316231
12/01/2005,"1,264.70",7.1425902,0.012091469
11/30/2005,"1,249.50",7.1304988,-0.006382152
11/29/2005,"1,257.50",7.1368809,0
11/28/2005,"1,257.50",7.1368809,-0.008472949
11/25/2005,"1,268.20",7.1453539,0.002052254
11/23/2005,"1,265.60",7.1433016,0.003482669
11/22/2005,"1,261.20",7.1398189,0.005087451
11/21/2005,"1,254.80",7.1347315,0.005193572
11/18/2005,"1,248.30",7.1295379,0.004415727
11/17/2005,"1,242.80",7.1251222,0.009377595
11/16/2005,"1,231.20",7.1157446,0.001788473
11/15/2005,"1,229.00",7.1139561,-0.003898007
11/14/2005,"1,233.80",7.1178541,-0.000729188
11/11/2005,"1,234.70",7.1185833,0.003001178
11/10/2005,"1,231.00",7.1155821,0.008402383
11/09/2005,"1,220.70",7.1071797,0.001721806
11/08/2005,"1,218.60",7.1054579,-0.003440652
11/07/2005,"1,222.80",7.1088986,0.002210488
11/04/2005,"1,220.10",7.1066881,0.000163934
11/03/2005,"1,219.90",7.1065242,0.004189434
11/02/2005,"1,214.80",7.1023347,0.009927282
11/01/2005,"1,202.80",7.0924075,-0.00348577
10/31/2005,"1,207.00",7.0958932,0.007150608
10/28/2005,"1,198.40",7.0887426,0.016405533
10/27/2005,"1,178.90",7.0723371,-0.010547286
10/26/2005,"1,191.40",7.0828844,-0.004271542
10/25/2005,"1,196.50",7.0871559,-0.002420803
10/24/2005,"1,199.40",7.0895767,0.016646034
10/21/2005,"1,179.60",7.0729307,0.001527106
10/20/2005,"1,177.80",7.0714036,-0.015167126
10/19/2005,"1,195.80",7.0865707,0.014912446
10/18/2005,"1,178.10",7.0716583,-0.010134366
10/17/2005,"1,190.10",7.0817926,0.002945262
10/14/2005,"1,186.60",7.0788474,0.008293185
10/13/2005,"1,176.80",7.0705542,-0.000764494
10/12/2005,"1,177.70",7.0713187,-0.006094999
10/11/2005,"1,184.90",7.0774137,-0.002023439
10/10/2005,"1,187.30",7.0794371,-0.007217218
10/07/2005,"1,195.90",7.0866543,0.003686022
10/06/2005,"1,191.50",7.0829683,-0.00410403
10/05/2005,"1,196.40",7.0870723,-0.015015422
10/04/2005,"1,214.50",7.1020877,-0.009995168
10/03/2005,"1,226.70",7.1120829,-0.001710446
09/30/2005,"1,228.80",7.1137934,0.000895583
09/29/2005,"1,227.70",7.1128978,0.008835859
09/28/2005,"1,216.90",7.1040619,0.000986599
09/27/2005,"1,215.70",7.1030753,8.23E-05
09/26/2005,"1,215.60",7.1029931,0.000246822
09/23/2005,"1,215.30",7.1027462,0.000576155
09/22/2005,"1,214.60",7.1021701,0.003629169
09/21/2005,"1,210.20",7.0985409,-0.00913023
09/20/2005,"1,221.30",7.1076711,-0.007910982
09/19/2005,"1,231.00",7.1155821,-0.005589548
09/16/2005,"1,237.90",7.1211717,0.008273895
09/15/2005,"1,227.70",7.1128978,0.000407349
09/14/2005,"1,227.20",7.1124904,-0.003254152
09/13/2005,"1,231.20",7.1157446,-0.00760583
09/12/2005,"1,240.60",7.1233504,-0.000725192
09/09/2005,"1,241.50",7.1240756,0.007924997
09/08/2005,"1,231.70",7.1161506,-0.003808602
09/07/2005,"1,236.40",7.1199592,0.002429348
09/06/2005,"1,233.40",7.1175299,0.012564414
09/02/2005,"1,218.00",7.1049654,-0.002951306
09/01/2005,"1,221.60",7.1079168,0.001064745
08/31/2005,"1,220.30",7.106852,0.00979956
08/30/2005,"1,208.40",7.0970524,-0.003222211
08/29/2005,"1,212.30",7.1002747,0.005956831
08/26/2005,"1,205.10",7.0943178,-0.006039315
08/25/2005,"1,212.40",7.1003571,0.00231214
08/24/2005,"1,209.60",7.098045,-0.006591982
08/23/2005,"1,217.60",7.104637,-0.003361623
08/22/2005,"1,221.70",7.1079986,0.001638405
08/19/2005,"1,219.70",7.1063602,0.000574076
08/18/2005,"1,219.00",7.1057861,-0.000983929
08/17/2005,"1,220.20",7.1067701,0.000737856
08/16/2005,"1,219.30",7.1060322,-0.011902961
08/15/2005,"1,233.90",7.1179352,0.002840565
08/12/2005,"1,230.40",7.1150946,-0.005996291
08/11/2005,"1,237.80",7.1210909,0.007053416
08/10/2005,"1,229.10",7.1140375,-0.001869539
08/09/2005,"1,231.40",7.115907,0.006763114
08/08/2005,"1,223.10",7.1091439,-0.002694429
08/05/2005,"1,226.40",7.1118383,-0.007716401
08/04/2005,"1,235.90",7.1195547,-0.00733608
08/03/2005,"1,245.00",7.1268908,0.000723153
08/02/2005,"1,244.10",7.1261677,0.007098521
08/01/2005,"1,235.30",7.1190691,0.000890869
07/29/2005,"1,234.20",7.1181783,-0.007667821
07/28/2005,"1,243.70",7.1258461,0.005563409
07/27/2005,"1,236.80",7.1202827,0.004538095
07/26/2005,"1,231.20",7.1157446,0.001788473
07/25/2005,"1,229.00",7.1139561,-0.003816954
07/22/2005,"1,233.70",7.1177731,0.005445618
07/21/2005,"1,227.00",7.1123274,-0.006660735
07/20/2005,"1,235.20",7.1189882,0.004787999
07/19/2005,"1,229.30",7.1142002,0.00669281
07/18/2005,"1,221.10",7.1075074,-0.005553301
07/15/2005,"1,227.90",7.1130607,0.001140808
07/14/2005,"1,226.50",7.1119199,0.00261246
07/13/2005,"1,223.30",7.1093074,0.000899612
07/12/2005,"1,222.20",7.1084078,0.002293579
07/11/2005,"1,219.40",7.1061142,0.006169558
07/08/2005,"1,211.90",7.0999447,0.011619352
07/07/2005,"1,197.90",7.0883253,0.002507524
07/06/2005,"1,194.90",7.0858178,-0.008417067
07/05/2005,"1,205.00",7.0942348,0.0088356
07/01/2005,"1,194.40",7.0853992,0.002598819
06/30/2005,"1,191.30",7.0828004,-0.007109728
06/29/2005,"1,199.80",7.0899102,-0.001499126
06/28/2005,"1,201.60",7.0914093,0.009112633
06/27/2005,"1,190.70",7.0822966,-0.000755572
06/24/2005,"1,191.60",7.0830522,-0.007607778
06/23/2005,"1,200.70",7.09066,-0.010933597
06/22/2005,"1,213.90",7.1015936,0.000247168
06/21/2005,"1,213.60",7.1013464,-0.002057868
06/20/2005,"1,216.10",7.1034043,-0.000739797
06/17/2005,"1,217.00",7.1041441,0.004942349
06/16/2005,"1,211.00",7.0992017,0.003639978
06/15/2005,"1,206.60",7.0955618,0.0022402
06/14/2005,"1,203.90",7.0933216,0.002578286
06/13/2005,"1,200.80",7.0907433,0.002251033
06/10/2005,"1,198.10",7.0884922,-0.002334307
06/09/2005,"1,200.90",7.0908266,0.005176168
06/08/2005,"1,194.70",7.0856504,-0.002173914
06/07/2005,"1,197.30",7.0878243,-0.000167029
06/06/2005,"1,197.50",7.0879913,0.001253395
06/03/2005,"1,196.00",7.0867379,-0.00691583
06/02/2005,"1,204.30",7.0936538,0.001662096
06/01/2005,"1,202.30",7.0919917,0.009023371
05/31/2005,"1,191.50",7.0829683,-0.006108039
05/27/2005,"1,198.80",7.0890763,0.001001502
05/26/2005,"1,197.60",7.0880748,0.006366247
05/25/2005,"1,190.00",7.0817086,-0.003439456
05/24/2005,"1,194.10",7.085148,0.000167504
05/23/2005,"1,193.90",7.0849805,0.003860361
05/20/2005,"1,189.30",7.0811202,-0.001512351
05/19/2005,"1,191.10",7.0826325,0.004628274
05/18/2005,"1,185.60",7.0780043,0.010002626
05/17/2005,"1,173.80",7.0680016,0.006924584
05/16/2005,"1,165.70",7.061077,0.010087597
05/13/2005,"1,154.00",7.0509894,-0.004668462
05/12/2005,"1,159.40",7.0556579,-0.010040848
05/11/2005,"1,171.10",7.0656988,0.004192878
05/10/2005,"1,166.20",7.0615059,-0.010746372
05/09/2005,"1,178.80",7.0722523,0.006382729
05/06/2005,"1,171.30",7.0658695,-0.001109262
05/05/2005,"1,172.60",7.0669788,-0.002640209
05/04/2005,"1,175.70",7.069619,0.012409762
05/03/2005,"1,161.20",7.0572092,-0.000860807
05/02/2005,"1,162.20",7.05807,0.004657188
04/29/2005,"1,156.80",7.0534129,0.011826225
04/28/2005,"1,143.20",7.0415866,-0.011480384
04/27/2005,"1,156.40",7.053067,0.004072619
04/26/2005,"1,151.70",7.0489944,-0.008989602
04/25/2005,"1,162.10",7.057984,0.008642349
04/22/2005,"1,152.10",7.0493416,-0.006833641
04/21/2005,"1,160.00",7.0561753,0.019587133
04/20/2005,"1,137.50",7.0365882,-0.013360894
04/19/2005,"1,152.80",7.049949,0.005916147
04/18/2005,"1,146.00",7.0440329,0.002971251
04/15/2005,"1,142.60",7.0410616,-0.016836291
04/14/2005,"1,162.00",7.0578979,-0.010103691
04/13/2005,"1,173.80",7.0680016,-0.011856507
04/12/2005,"1,187.80",7.0798581,0.005571986
04/11/2005,"1,181.20",7.0742861,0
04/08/2005,"1,181.20",7.0742861,-0.008346379
04/07/2005,"1,191.10",7.0826325,0.005894258
04/06/2005,"1,184.10",7.0767383,0.002282816
04/05/2005,"1,181.40",7.0744555,0.004496296
04/04/2005,"1,176.10",7.0699592,0.002724565
04/01/2005,"1,172.90",7.0672346,-0.006543469
03/31/2005,"1,180.60",7.0737781,-0.000677392
03/30/2005,"1,181.40",7.0744555,0.0136358
03/29/2005,"1,165.40",7.0608197,-0.00760785
03/28/2005,"1,174.30",7.0684275,0.002472611
03/24/2005,"1,171.40",7.0659549,-0.000938607
03/23/2005,"1,172.50",7.0668935,0.000682536
03/22/2005,"1,171.70",7.066211,-0.010273918
03/21/2005,"1,183.80",7.0764849,-0.004971571
03/18/2005,"1,189.70",7.0814565,-0.000420186
03/17/2005,"1,190.20",7.0818766,0.001765968
03/16/2005,"1,188.10",7.0801107,-0.008131148
03/15/2005,"1,197.80",7.0882418,-0.007485687
03/14/2005,"1,206.80",7.0957275,0.005567342
03/11/2005,"1,200.10",7.0901602,-0.007554097
03/10/2005,"1,209.20",7.0977143,0.001821042
03/09/2005,"1,207.00",7.0958932,-0.010220992
03/08/2005,"1,219.40",7.1061142,-0.004826777
03/07/2005,"1,225.30",7.110941,0.002615022
03/04/2005,"1,222.10",7.108326,0.009537193
03/03/2005,"1,210.50",7.0987888,0.000330497
03/02/2005,"1,210.10",7.0984583,-0.000247883
03/01/2005,"1,210.40",7.0987062,0.005633818
02/28/2005,"1,203.60",7.0930723,-0.00645965
02/25/2005,"1,211.40",7.099532,0.009288506
02/24/2005,"1,200.20",7.0902435,0.007862859
02/23/2005,"1,190.80",7.0823806,0.005557909
02/22/2005,"1,184.20",7.0768227,-0.014586561
02/18/2005,"1,201.60",7.0914093,0.000666001
02/17/2005,"1,200.80",7.0907433,-0.007880261
02/16/2005,"1,210.30",7.0986235,0.000165262
02/15/2005,"1,210.10",7.0984583,0.003310987
02/14/2005,"1,206.10",7.0951473,0.000663515
02/11/2005,"1,205.30",7.0944838,0.006910072
02/10/2005,"1,197.00",7.0875737,0.004185858
02/09/2005,"1,192.00",7.0833878,-0.00860382
02/08/2005,"1,202.30",7.0919917,0.000499168
02/07/2005,"1,201.70",7.0914925,-0.001081216
02/04/2005,"1,203.00",7.0925737,0.010949167
02/03/2005,"1,189.90",7.0816245,-0.002769504
02/02/2005,"1,193.20",7.0843941,0.003189795
02/01/2005,"1,189.40",7.0812043,0.006833451
01/31/2005,"1,181.30",7.0743708,0.008415912
01/28/2005,"1,171.40",7.0659549,-0.00264291
01/27/2005,"1,174.50",7.0685978,0.000340628
01/26/2005,"1,174.10",7.0682572,0.004866605
01/25/2005,"1,168.40",7.0633906,0.003944778
01/24/2005,"1,163.80",7.0594458,-0.003516751
01/21/2005,"1,167.90",7.0629625,-0.006401251
01/20/2005,"1,175.40",7.0693638,-0.00779665
01/19/2005,"1,184.60",7.0771604,-0.009577491
01/18/2005,"1,196.00",7.0867379,0.009661911
01/14/2005,"1,184.50",7.077076,0.005927198
01/13/2005,"1,177.50",7.0711488,-0.008625117
01/12/2005,"1,187.70",7.0797739,0.003965079
01/11/2005,"1,183.00",7.0758089,-0.006067775
01/10/2005,"1,190.20",7.0818766,0.00336644
01/07/2005,"1,186.20",7.0785102,-0.001432122
01/06/2005,"1,187.90",7.0799423,0.003541916
01/05/2005,"1,183.70",7.0764004,-0.003626095
01/04/2005,"1,188.00",7.0800265,-0.011798806
01/03/2005,"1,202.10",7.0918253,-0.008119349
12/31/2004,"1,211.90",7.0999447,-0.00131937
12/30/2004,"1,213.50",7.101264,0
12/29/2004,"1,213.50",7.101264,0
12/28/2004,"1,213.50",7.101264,0.00711217
12/27/2004,"1,204.90",7.0941519,-0.004306425
12/23/2004,"1,210.10",7.0984583,0.000413274
12/22/2004,"1,209.60",7.098045,0.003395308
12/21/2004,"1,205.50",7.0946497,0.008999311
12/20/2004,"1,194.70",7.0856504,0.000418603
12/17/2004,"1,194.20",7.0852318,-0.007508169
12/16/2004,"1,203.20",7.09274,-0.002075637
12/15/2004,"1,205.70",7.0948156,0.001909427
12/14/2004,"1,203.40",7.0929062,0.003913248
12/13/2004,"1,198.70",7.0889929,0.008966415
12/10/2004,"1,188.00",7.0800265,-0.001009591
12/09/2004,"1,189.20",7.0810361,0.005396303
12/08/2004,"1,182.80",7.0756398,0.004830723
12/07/2004,"1,177.10",7.0708091,-0.011067574
12/06/2004,"1,190.20",7.0818766,-0.000839842
12/03/2004,"1,191.20",7.0827165,0.000755826
12/02/2004,"1,190.30",7.0819607,-0.00092371
12/01/2004,"1,191.40",7.0828844,0.014882737
11/30/2004,"1,173.80",7.0680016,-0.004080944
11/29/2004,"1,178.60",7.0720826,-0.003472667
11/26/2004,"1,182.70",7.0755552,0.00076126
11/24/2004,"1,181.80",7.074794,0.004154837
11/23/2004,"1,176.90",7.0706391,-0.000254874
11/22/2004,"1,177.20",7.070894,0.005878611
11/19/2004,"1,170.30",7.0650154,-0.011216024
11/18/2004,"1,183.50",7.0762314,0.001352837
11/17/2004,"1,181.90",7.0748786,0.005514798
11/16/2004,"1,175.40",7.0693638,-0.007121088
11/15/2004,"1,183.80",7.0764849,-0.000337838
11/12/2004,"1,184.20",7.0768227,0.009076705
11/11/2004,"1,173.50",7.067746,0.009073851
11/10/2004,"1,162.90",7.0586722,-0.001031371
11/09/2004,"1,164.10",7.0597035,-0.00068699
11/08/2004,"1,164.90",7.0603905,-0.001115353
11/05/2004,"1,166.20",7.0615059,0.00386615
11/04/2004,"1,161.70",7.0576397,0.016053102
11/03/2004,"1,143.20",7.0415866,0.011171335
11/02/2004,"1,130.50",7.0304153,0
11/01/2004,"1,130.50",7.0304153,0.000265405
10/29/2004,"1,130.20",7.0301499,0.002480512
10/28/2004,"1,127.40",7.0276694,0.001775569
10/27/2004,"1,125.40",7.0258938,0.012788012
10/26/2004,"1,111.10",7.0131058,0.014778817
10/25/2004,"1,094.80",6.998327,-0.00082173
10/22/2004,"1,095.70",6.9991487,-0.009808452
10/21/2004,"1,106.50",7.0089572,0.002533709
10/20/2004,"1,103.70",7.0064235,0.000453124
10/19/2004,"1,103.20",7.0059703,-0.009742094
10/18/2004,"1,114.00",7.0157124,0.005220064
10/15/2004,"1,108.20",7.0104924,0.004431389
10/14/2004,"1,103.30",7.006061,-0.009382117
10/13/2004,"1,113.70",7.0154431,-0.007246733
10/12/2004,"1,121.80",7.0226898,-0.002315022
10/11/2004,"1,124.40",7.0250048,0.00204763
10/08/2004,"1,122.10",7.0229572,-0.00763498
10/07/2004,"1,130.70",7.0305922,-0.009944201
10/06/2004,"1,142.00",7.0405364,0.006589086
10/05/2004,"1,134.50",7.0339473,-0.000616822
10/04/2004,"1,135.20",7.0345641,0.003264661
10/01/2004,"1,131.50",7.0312995,0.01504859
09/30/2004,"1,114.60",7.0162509,-0.00017942
09/29/2004,"1,114.80",7.0164303,0.004224915
09/28/2004,"1,110.10",7.0122054,0.005963155
09/27/2004,"1,103.50",7.0062422,-0.005963155
09/24/2004,"1,110.10",7.0122054,0.001532567
09/23/2004,"1,108.40",7.0106728,-0.004680477
09/22/2004,"1,113.60",7.0153533,-0.013999961
09/21/2004,"1,129.30",7.0293533,0.006306927
09/20/2004,"1,122.20",7.0230463,-0.005598273
09/17/2004,"1,128.50",7.0286446,0.004440505
09/16/2004,"1,123.50",7.0242041,0.002763048
09/15/2004,"1,120.40",7.021441,-0.007026311
09/14/2004,"1,128.30",7.0284674,0.002218181
09/13/2004,"1,125.80",7.0262492,0.001689115
09/10/2004,"1,123.90",7.0245601,0.004905687
09/09/2004,"1,118.40",7.0196544,0.001879447
09/08/2004,"1,116.30",7.0177749,-0.004469081
09/07/2004,"1,121.30",7.022244,0.006890716
09/03/2004,"1,113.60",7.0153533,-0.004211664
09/02/2004,"1,118.30",7.019565,0.011150192
09/01/2004,"1,105.90",7.0084148,0.001538392
08/31/2004,"1,104.20",7.0068764,0.004538448
08/30/2004,"1,099.20",7.0023379,-0.007793424
08/27/2004,"1,107.80",7.0101313,0.002440238
08/26/2004,"1,105.10",7.0076911,9.05E-05
08/25/2004,"1,105.00",7.0076006,0.007995681
08/24/2004,"1,096.20",6.9996049,0.000456225
08/23/2004,"1,095.70",6.9991487,-0.002370101
08/20/2004,"1,098.30",7.0015188,0.006485522
08/19/2004,"1,091.20",6.9950333,-0.003658987
08/18/2004,"1,095.20",6.9986923,0.012403117
08/17/2004,"1,081.70",6.9862892,0.002221195
08/16/2004,"1,079.30",6.984068,0.013525695
08/13/2004,"1,064.80",6.9705423,0.00150376
08/12/2004,"1,063.20",6.9690385,-0.011781342
08/11/2004,"1,075.80",6.9808198,-0.002970115
08/10/2004,"1,079.00",6.98379,0.012872111
08/09/2004,"1,065.20",6.9709179,0.001127184
08/06/2004,"1,064.00",6.9697907,-0.015573588
08/05/2004,"1,080.70",6.9853643,-0.016427663
08/04/2004,"1,098.60",7.0017919,-0.001000773
08/03/2004,"1,099.70",7.0027927,-0.006254836
08/02/2004,"1,106.60",7.0090475,0.00443781
07/30/2004,"1,101.70",7.0046097,0.001180691
07/29/2004,"1,100.40",7.003429,0.004554157
07/28/2004,"1,095.40",6.9988749,0.000547895
07/27/2004,"1,094.80",6.998327,0.009821548
07/26/2004,"1,084.10",6.9885054,-0.001935217
07/23/2004,"1,086.20",6.9904406,-0.009711483
07/22/2004,"1,096.80",7.0001521,0.002647557
07/21/2004,"1,093.90",6.9975046,-0.013438866
07/20/2004,"1,108.70",7.0109434,0.007060131
07/19/2004,"1,100.90",7.0038833,-0.000454071
07/16/2004,"1,101.40",7.0043374,-0.004800516
07/15/2004,"1,106.70",7.0091379,-0.00432784
07/14/2004,"1,111.50",7.0134657,-0.003233633
07/13/2004,"1,115.10",7.0166994,0.000717682
07/12/2004,"1,114.30",7.0159817,0.001347043
07/09/2004,"1,112.80",7.0146346,0.003330486
07/08/2004,"1,109.10",7.0113042,-0.008260799
07/07/2004,"1,118.30",7.019565,0.001879616
07/06/2004,"1,116.20",7.0176853,-0.008208469
07/02/2004,"1,125.40",7.0258938,-0.003105179
07/01/2004,"1,128.90",7.028999,-0.010486063
06/30/2004,"1,140.80",7.039485,0.00404041
06/29/2004,"1,136.20",7.0354446,0.00255563
06/28/2004,"1,133.30",7.032889,-0.000970146
06/25/2004,"1,134.40",7.0338592,-0.005538232
06/24/2004,"1,140.70",7.0393974,-0.002976193
06/23/2004,"1,144.10",7.0423736,0.008514425
06/22/2004,"1,134.40",7.0338592,0.003620793
06/21/2004,"1,130.30",7.0302384,-0.004149567
06/18/2004,"1,135.00",7.0343879,0.002646671
06/17/2004,"1,132.00",7.0317413,-0.00141243
06/16/2004,"1,133.60",7.0331537,0.00141243
06/15/2004,"1,132.00",7.0317413,0.005936313
06/14/2004,"1,125.30",7.0258049,-0.009903698
06/10/2004,"1,136.50",7.0357086,0.00458595
06/09/2004,"1,131.30",7.0311227,-0.009588813
06/08/2004,"1,142.20",7.0407115,0.001577149
06/07/2004,"1,140.40",7.0391344,0.015820737
06/04/2004,"1,122.50",7.0233136,0.005269987
06/03/2004,"1,116.60",7.0180436,-0.007494682
06/02/2004,"1,125.00",7.0255383,0.003383495
06/01/2004,"1,121.20",7.0221548,0.00044605
05/28/2004,"1,120.70",7.0217088,-0.000535236
05/27/2004,"1,121.30",7.022244,0.005724012
05/26/2004,"1,114.90",7.01652,0.001705642
05/25/2004,"1,113.00",7.0148144,0.015939479
05/24/2004,"1,095.40",6.9988749,0.001644587
05/21/2004,"1,093.60",6.9972303,0.004031525
05/20/2004,"1,089.20",6.9931988,0.000459158
05/19/2004,"1,088.70",6.9927396,-0.002568573
05/18/2004,"1,091.50",6.9953082,0.006802747
05/17/2004,"1,084.10",6.9885054,-0.010643279
05/14/2004,"1,095.70",6.9991487,-0.000638657
05/13/2004,"1,096.40",6.9997874,-0.000820532
05/12/2004,"1,097.30",7.0006079,0.001641737
05/11/2004,"1,095.50",6.9989662,0.00769728
05/10/2004,"1,087.10",6.9912689,-0.010614062
05/07/2004,"1,098.70",7.0018829,-0.013829479
05/06/2004,"1,114.00",7.0157124,-0.006709933
05/05/2004,"1,121.50",7.0224224,0.001784918
05/04/2004,"1,119.50",7.0206374,0.00178811
05/03/2004,"1,117.50",7.0188493,0.009169428
04/30/2004,"1,107.30",7.0096799,-0.005942751
04/29/2004,"1,113.90",7.0156226,-0.007601879
04/28/2004,"1,122.40",7.0232245,-0.013890955
04/27/2004,"1,138.10",7.0371155,0.002287123
04/26/2004,"1,135.50",7.0348284,-0.004481357
04/23/2004,"1,140.60",7.0393097,0.0006139
04/22/2004,"1,139.90",7.0386958,0.013957824
04/21/2004,"1,124.10",7.024738,0.005262466
04/20/2004,"1,118.20",7.0194755,-0.015616999
04/19/2004,"1,135.80",7.0350925,0.001057083
04/16/2004,"1,134.60",7.0340354,0.005125044
04/15/2004,"1,128.80",7.0289104,0.000531679
04/14/2004,"1,128.20",7.0283787,-0.001063076
04/13/2004,"1,129.40",7.0294418,-0.013892776
04/12/2004,"1,145.20",7.0433346,0.005165256
04/08/2004,"1,139.30",7.0381693,-0.001052724
04/07/2004,"1,140.50",7.039222,-0.006728736
04/06/2004,"1,148.20",7.0459508,-0.002088047
04/05/2004,"1,150.60",7.0480388,0.007677581
04/02/2004,"1,141.80",7.0403612,0.008443322
04/01/2004,"1,132.20",7.0319179,0.005313509
03/31/2004,"1,126.20",7.0266044,-0.000710101
03/30/2004,"1,127.00",7.0273145,0.004000894
03/29/2004,"1,122.50",7.0233136,0.012911504
03/26/2004,"1,108.10",7.0104021,-0.000992198
03/25/2004,"1,109.20",7.0113943,0.016269389
03/24/2004,"1,091.30",6.9951249,-0.002471058
03/23/2004,"1,094.00",6.997596,-0.001278889
03/22/2004,"1,095.40",6.9988749,-0.013060226
03/19/2004,"1,109.80",7.0119351,-0.011200332
03/18/2004,"1,122.30",7.0231354,-0.001335649
03/17/2004,"1,123.80",7.0244711,0.011725353
03/16/2004,"1,110.70",7.0127457,0.005597703
03/15/2004,"1,104.50",7.007148,-0.014471512
03/12/2004,"1,120.60",7.0216195,0.012391287
03/11/2004,"1,106.80",7.0092282,-0.015331811
03/10/2004,"1,123.90",7.0245601,-0.01474966
03/09/2004,"1,140.60",7.0393097,-0.005769751
03/08/2004,"1,147.20",7.0450795,-0.008419823
03/05/2004,"1,156.90",7.0534993,0.001730254
03/04/2004,"1,154.90",7.051769,0.00338263
03/03/2004,"1,151.00",7.0483864,0.001652102
03/02/2004,"1,149.10",7.0467343,-0.005986743
03/01/2004,"1,156.00",7.052721,0.009648473
02/27/2004,"1,144.90",7.0430726,0
02/26/2004,"1,144.90",7.0430726,0.001048676
02/25/2004,"1,143.70",7.0420239,0.004030144
02/24/2004,"1,139.10",7.0379938,-0.001666594
02/23/2004,"1,141.00",7.0396603,-0.002713231
02/20/2004,"1,144.10",7.0423736,-0.002618717
02/19/2004,"1,147.10",7.0449923,-0.004088918
02/18/2004,"1,151.80",7.0490812,-0.004504512
02/17/2004,"1,157.00",7.0535857,0.009727365
02/13/2004,"1,145.80",7.0438584,-0.005483281
02/12/2004,"1,152.10",7.0493416,-0.004935289
02/11/2004,"1,157.80",7.0542769,0.01068043
02/10/2004,"1,145.50",7.0435965,0.004988414
02/09/2004,"1,139.80",7.0386081,-0.002628583
02/06/2004,"1,142.80",7.0412367,0.012503465
02/05/2004,"1,128.60",7.0287332,0.001862446
02/04/2004,"1,126.50",7.0268708,-0.008397839
02/03/2004,"1,136.00",7.0352686,0.000616387
02/02/2004,"1,135.30",7.0346522,0.003706323
01/30/2004,"1,131.10",7.0309459,-0.002648774
01/29/2004,"1,134.10",7.0335947,0.004950068
01/28/2004,"1,128.50",7.0286446,-0.013641576
01/27/2004,"1,144.00",7.0422862,-0.009915711
01/26/2004,"1,155.40",7.0522019,0.012103417
01/23/2004,"1,141.50",7.0400985,-0.00210029
01/22/2004,"1,143.90",7.0421988,-0.003229329
01/21/2004,"1,147.60",7.0454281,0.007697729
01/20/2004,"1,138.80",7.0377304,-0.000877732
01/16/2004,"1,139.80",7.0386081,0.006866829
01/15/2004,"1,132.00",7.0317413,0.001325967
01/14/2004,"1,130.50",7.0304153,0.008260472
01/13/2004,"1,121.20",7.0221548,-0.005337141
01/12/2004,"1,127.20",7.027492,0.004713005
01/09/2004,"1,121.90",7.022779,-0.00887396
01/08/2004,"1,131.90",7.0316529,0.004959713
01/07/2004,"1,126.30",7.0266932,0.002311112
01/06/2004,"1,123.70",7.0243821,0.001335768
01/05/2004,"1,122.20",7.0230463,0.012283294
01/02/2004,"1,108.50",7.010763,-0.003062514
12/31/2003,"1,111.90",7.0138255,0.002070674
12/30/2003,"1,109.60",7.0117549,9.01E-05
12/29/2003,"1,109.50",7.0116647,0.01233352
12/26/2003,"1,095.90",6.9993312,0.001735239
12/24/2003,"1,094.00",6.997596,-0.001826485
12/23/2003,"1,096.00",6.9994225,0.002832475
12/22/2003,"1,092.90",6.99659,0.00385039
12/19/2003,"1,088.70",6.9927396,-0.000459158
12/18/2003,"1,089.20",6.9931988,0.011728444
12/17/2003,"1,076.50",6.9814703,0.001301357
12/16/2003,"1,075.10",6.980169,0.00662594
12/15/2003,"1,068.00",6.973543,-0.005695361
12/12/2003,"1,074.10",6.9792384,0.002703586
12/11/2003,"1,071.20",6.9765348,0.011454449
12/10/2003,"1,059.00",6.9650803,-0.001132503
12/09/2003,"1,060.20",6.9662128,-0.008546659
12/08/2003,"1,069.30",6.9747595,0.007321227
12/05/2003,"1,061.50",6.9674383,-0.007695233
12/04/2003,"1,069.70",6.9751335,0.004685166
12/03/2003,"1,064.70",6.9704483,-0.00178295
12/02/2003,"1,066.60",6.9722313,-0.003276083
12/01/2003,"1,070.10",6.9755074,0.011182751
11/28/2003,"1,058.20",6.9643246,-0.00028346
11/26/2003,"1,058.50",6.9646081,0.004355243
11/25/2003,"1,053.90",6.9602528,0.001709402
11/24/2003,"1,052.10",6.9585434,0.016096927
11/21/2003,"1,035.30",6.9424465,0.001546641
11/20/2003,"1,033.70",6.9408999,-0.008381148
11/19/2003,"1,042.40",6.949281,0.007897566
11/18/2003,"1,034.20",6.9413835,-0.009048093
11/17/2003,"1,043.60",6.9504316,-0.006399563
11/14/2003,"1,050.30",6.9568311,-0.007682496
11/13/2003,"1,058.40",6.9645136,-0.000188947
11/12/2003,"1,058.60",6.9647026,0.011400465
11/11/2003,"1,046.60",6.9533021,-0.000477623
11/10/2003,"1,047.10",6.9537797,-0.00580871
11/07/2003,"1,053.20",6.9595884,-0.004547185
11/06/2003,"1,058.00",6.9641356,0.005877351
11/05/2003,"1,051.80",6.9582583,-0.001330166
11/04/2003,"1,053.20",6.9595884,-0.005491918
11/03/2003,"1,059.00",6.9650803,0.007868458
10/31/2003,"1,050.70",6.9572119,0.003623192
10/30/2003,"1,046.90",6.9535887,-0.001145585
10/29/2003,"1,048.10",6.9547343,0.00124111
10/28/2003,"1,046.80",6.9534932,0.015111698
10/27/2003,"1,031.10",6.9383815,0.002135923
10/24/2003,"1,028.90",6.9362455,-0.004751063
10/23/2003,"1,033.80",6.9409966,0.003294257
10/22/2003,"1,030.40",6.9377024,-0.015026289
10/21/2003,"1,046.00",6.9527286,0.001243603
10/20/2003,"1,044.70",6.951485,0.005182353
10/17/2003,"1,039.30",6.9463027,-0.010337988
10/16/2003,"1,050.10",6.9566407,0.003147506
10/15/2003,"1,046.80",6.9534932,-0.002575969
10/14/2003,"1,049.50",6.9560691,0.004009935
10/13/2003,"1,045.30",6.9520592,0.006911806
10/10/2003,"1,038.10",6.9451474,-0.000577812
10/09/2003,"1,038.70",6.9457252,0.004728597
10/08/2003,"1,033.80",6.9409966,-0.005209853
10/07/2003,"1,039.20",6.9462065,0.004726317
10/06/2003,"1,034.30",6.9414801,0.004360261
10/03/2003,"1,029.80",6.9371199,0.009365922
10/02/2003,"1,020.20",6.927754,0.001962324
10/01/2003,"1,018.20",6.9257916,0.022044384
09/30/2003,996,6.9037473,-0.010586337
09/29/2003,"1,006.60",6.9143336,0.00968313
09/26/2003,996.9,6.9046505,-0.006399382
09/25/2003,"1,003.30",6.9110498,-0.006061528
09/24/2003,"1,009.40",6.9171114,-0.019231362
09/23/2003,"1,029.00",6.9363427,0.006043492
09/22/2003,"1,022.80",6.9302992,-0.013112713
09/19/2003,"1,036.30",6.943412,-0.003179347
09/18/2003,"1,039.60",6.9465913,0.013168277
09/17/2003,"1,026.00",6.933423,-0.003211213
09/16/2003,"1,029.30",6.9366342,0.014187411
09/15/2003,"1,014.80",6.9224468,-0.003737587
09/12/2003,"1,018.60",6.9261844,0.002162163
09/11/2003,"1,016.40",6.9240223,0.005425949
09/10/2003,"1,010.90",6.9185963,-0.012093948
09/09/2003,"1,023.20",6.9306903,-0.008176024
09/08/2003,"1,031.60",6.9388663,0.00993676
09/05/2003,"1,021.40",6.9289295,-0.006440932
09/04/2003,"1,028.00",6.9353704,0.001655065
09/03/2003,"1,026.30",6.9337154,0.00419861
09/02/2003,"1,022.00",6.9295168,0.013793322
08/29/2003,"1,008.00",6.9157234,0.005172082
08/28/2003,"1,002.80",6.9105514,0.006001218
08/27/2003,996.8,6.9045501,0.000100326
08/26/2003,996.7,6.9044498,0.003014472
08/25/2003,993.7,6.9014354,0.000603986
08/22/2003,993.1,6.9008314,-0.010218482
08/21/2003,"1,003.30",6.9110498,0.002994612
08/20/2003,"1,000.30",6.9080552,-0.00209717
08/19/2003,"1,002.40",6.9101524,0.00269717
08/18/2003,999.7,6.9074552,0.00904347
08/15/2003,990.7,6.8984118,0.000201898
08/14/2003,990.5,6.8982099,0.006583969
08/13/2003,984,6.8916259,-0.006483005
08/12/2003,990.4,6.8981089,0.009944273
08/11/2003,980.6,6.8881646,0.003064041
08/08/2003,977.6,6.8851006,0.003586621
08/07/2003,974.1,6.881514,0.007212065
08/06/2003,967.1,6.8743019,0.001655801
08/05/2003,965.5,6.8726461,-0.017759539
08/04/2003,982.8,6.8904056,0.002751033
08/01/2003,980.1,6.8876546,-0.01035332
07/31/2003,990.3,6.8980079,0.002831431
07/30/2003,987.5,6.8951765,-0.001821126
07/29/2003,989.3,6.8969976,-0.007251517
07/28/2003,996.5,6.9042491,-0.002205294
07/25/2003,998.7,6.9064544,0.01727054
07/24/2003,981.6,6.8891839,-0.007105907
07/23/2003,988.6,6.8962898,0.000505894
07/22/2003,988.1,6.8957839,0.009456576
07/21/2003,978.8,6.8863273,-0.014705402
07/18/2003,993.3,6.9010327,0.011746971
07/17/2003,981.7,6.8892858,-0.012451444
07/16/2003,994,6.9017372,-0.006417992
07/15/2003,"1,000.40",6.9081552,-0.003492495
07/14/2003,"1,003.90",6.9116477,0.005794222
07/11/2003,998.1,6.9058535,0.009462523
07/10/2003,988.7,6.8963909,-0.013561914
07/09/2003,"1,002.20",6.9099529,-0.005572154
07/08/2003,"1,007.80",6.915525,0.003379389
07/07/2003,"1,004.40",6.9121456,0.018793579
07/03/2003,985.7,6.893352,-0.00818393
07/02/2003,993.8,6.901536,0.011639218
07/01/2003,982.3,6.8898968,0.007972242
06/30/2003,974.5,6.8819245,-0.001742965
06/27/2003,976.2,6.8836675,-0.009786011
06/26/2003,985.8,6.8934535,0.010708378
06/25/2003,975.3,6.8827451,-0.008372522
06/24/2003,983.5,6.8911176,0.001933744
06/23/2003,981.6,6.8891839,-0.014262114
06/20/2003,995.7,6.903446,0.001004823
06/19/2003,994.7,6.9024412,-0.015363431
06/18/2003,"1,010.10",6.9178046,-0.001582748
06/17/2003,"1,011.70",6.9193874,0.000988924
06/16/2003,"1,010.70",6.9183984,0.022108638
06/13/2003,988.6,6.8962898,-0.009964352
06/12/2003,998.5,6.9062542,0.001002004
06/11/2003,997.5,6.9052521,0.012813574
06/10/2003,984.8,6.8924386,0.009078453
06/09/2003,975.9,6.8833601,-0.012120126
06/06/2003,987.8,6.8954802,-0.0023257
06/05/2003,990.1,6.8978059,0.003946774
06/04/2003,986.2,6.8938592,0.014914977
06/03/2003,971.6,6.8789442,0.004745702
06/02/2003,967,6.8741985,0.003522225
05/30/2003,963.6,6.8706763,0.014635427
05/29/2003,949.6,6.8560408,-0.003783902
05/28/2003,953.2,6.8598247,0.001785058
05/27/2003,951.5,6.8580397,0.019420147
05/23/2003,933.2,6.8386195,0.001394027
05/22/2003,931.9,6.8372255,0.009163003
05/21/2003,923.4,6.8280625,0.00401498
05/20/2003,919.7,6.8240475,-0.001195327
05/19/2003,920.8,6.8252429,-0.025201055
05/16/2003,944.3,6.8504439,-0.002538341
05/15/2003,946.7,6.8529823,0.007847336
05/14/2003,939.3,6.8451349,-0.003188778
05/13/2003,942.3,6.8483237,-0.002967047
05/12/2003,945.1,6.8512907,0.012456908
05/09/2003,933.4,6.8388338,0.01413413
05/08/2003,920.3,6.8246997,-0.010054682
05/07/2003,929.6,6.8347544,-0.005150226
05/06/2003,934.4,6.8399046,0.008490566
05/05/2003,926.5,6.831414,-0.003878062
05/02/2003,930.1,6.8352921,0.014948285
05/01/2003,916.3,6.8203438,-0.000654593
04/30/2003,916.9,6.8209984,-0.000981087
04/29/2003,917.8,6.8219795,0.00327404
04/28/2003,914.8,6.8187055,0.017644922
04/25/2003,898.8,6.8010605,-0.013921339
04/24/2003,911.4,6.8149819,-0.008304244
04/23/2003,919,6.8232861,0.008304244
04/22/2003,911.4,6.8149819,0.021515746
04/21/2003,892,6.7934661,-0.001792115
04/17/2003,893.6,6.7952582,0.015449983
04/16/2003,879.9,6.7798083,-0.012311671
04/15/2003,890.8,6.7921199,0.006306327
04/14/2003,885.2,6.7858136,0.019276331
04/11/2003,868.3,6.7665373,-0.003793326
04/10/2003,871.6,6.7703306,0.006445695
04/09/2003,866,6.7638849,-0.014103312
04/08/2003,878.3,6.7779882,-0.001820044
04/07/2003,879.9,6.7798083,0.001137139
04/04/2003,878.9,6.7786711,0.002734421
04/03/2003,876.5,6.7759367,-0.005007408
04/02/2003,880.9,6.7809441,0.025757432
04/01/2003,858.5,6.7551867,0.012070223
03/31/2003,848.2,6.7431165,-0.017877441
03/28/2003,863.5,6.7609939,-0.005773688
03/27/2003,868.5,6.7667676,-0.001725626
03/26/2003,870,6.7684932,-0.005387759
03/25/2003,874.7,6.773881,0.012076747
03/24/2003,864.2,6.7618042,-0.03591295
03/21/2003,895.8,6.7977172,0.022693607
03/20/2003,875.7,6.7750236,0.001943191
03/19/2003,874,6.7730804,0.008618266
03/18/2003,866.5,6.7644621,0.004279195
03/17/2003,862.8,6.7601829,0.034789193
03/14/2003,833.3,6.7253937,0.00168148
03/13/2003,831.9,6.7237122,0.033864247
03/12/2003,804.2,6.689848,0.004361649
03/11/2003,800.7,6.6854863,-0.00845671
03/10/2003,807.5,6.6939431,-0.026156466
03/07/2003,828.9,6.7200995,0.008237478
03/06/2003,822.1,6.711862,-0.009443169
03/05/2003,829.9,6.7213052,0.009564817
03/04/2003,822,6.7117404,-0.01545178
03/03/2003,834.8,6.7271922,-0.007518384
02/28/2003,841.1,6.7347106,0.00452813
02/27/2003,837.3,6.7301824,0.011773322
02/26/2003,827.5,6.7184091,-0.013324727
02/25/2003,838.6,6.7317338,0.0071805
02/24/2003,832.6,6.7245533,-0.018563122
02/21/2003,848.2,6.7431165,0.013172919
02/20/2003,837.1,6.7299435,-0.009511426
02/19/2003,845.1,6.739455,-0.007192155
02/18/2003,851.2,6.7466471,0.019335161
02/14/2003,834.9,6.727312,0.021183386
02/13/2003,817.4,6.7061286,-0.001589145
02/12/2003,818.7,6.7077177,-0.012743664
02/11/2003,829.2,6.7204614,-0.008167233
02/10/2003,836,6.7286286,0.007564423
02/07/2003,829.7,6.7210642,-0.010073235
02/06/2003,838.1,6.7311374,-0.006541023
02/05/2003,843.6,6.7376784,-0.005438008
02/04/2003,848.2,6.7431165,-0.014164709
02/03/2003,860.3,6.7572812,0.005361318
01/31/2003,855.7,6.7519198,0.013056705
01/30/2003,844.6,6.7388631,-0.023172482
01/29/2003,864.4,6.7620356,0.006848944
01/28/2003,858.5,6.7551867,0.012895841
01/27/2003,847.5,6.7422908,-0.016268133
01/24/2003,861.4,6.758559,-0.029624171
01/23/2003,887.3,6.7881831,0.010081073
01/22/2003,878.4,6.7781021,-0.01041912
01/21/2003,887.6,6.7885212,-0.015871575
01/17/2003,901.8,6.8043928,-0.014094045
01/16/2003,914.6,6.8184868,-0.003928421
01/15/2003,918.2,6.8224152,-0.014595643
01/14/2003,931.7,6.8370109,0.005812718
01/13/2003,926.3,6.8311982,-0.001402449
01/10/2003,927.6,6.8326006,0
01/09/2003,927.6,6.8326006,0.019265902
01/08/2003,909.9,6.8133347,-0.014186183
01/07/2003,922.9,6.8275209,-0.006587853
01/06/2003,929,6.8341087,0.022203785
01/03/2003,908.6,6.811905,-0.000440141
01/02/2003,909,6.8123451,0.032650485
12/31/2002,879.8,6.7796946,0.000454752
12/30/2002,879.4,6.7792399,0.004558932
12/27/2002,875.4,6.7746809,-0.016203402
12/26/2002,889.7,6.7908843,-0.003142186
12/24/2002,892.5,6.7940265,-0.00547518
12/23/2002,897.4,6.7995017,0.00178452
12/20/2002,895.8,6.7977172,0.013033892
12/19/2002,884.2,6.7846833,-0.007773373
12/18/2002,891.1,6.7924567,-0.013265899
12/17/2002,903,6.8057226,-0.00816151
12/16/2002,910.4,6.8138841,0.023224556
12/13/2002,889.5,6.7906595,-0.013511456
12/12/2002,901.6,6.804171,-0.003763981
12/11/2002,905,6.8079349,0.000552639
12/10/2002,904.5,6.8073823,0.013916172
12/09/2002,892,6.7934661,-0.022393132
12/06/2002,912.2,6.8158593,0.006268234
12/05/2002,906.5,6.809591,-0.012170536
12/04/2002,917.6,6.8217616,-0.003481292
12/03/2002,920.8,6.8252429,-0.014768769
12/02/2002,934.5,6.8400116,-0.001924311
11/29/2002,936.3,6.8419359,-0.002773039
11/27/2002,938.9,6.844709,0.027644564
11/26/2002,913.3,6.8170644,-0.0212336
11/25/2002,932.9,6.838298,0.002575938
11/22/2002,930.5,6.8357221,-0.003540206
11/21/2002,933.8,6.8392623,0.021322308
11/20/2002,914.1,6.81794,0.019218617
11/19/2002,896.7,6.7987214,-0.004117751
11/18/2002,900.4,6.8028391,-0.010385686
11/15/2002,909.8,6.8132248,0.006063631
11/14/2002,904.3,6.8071612,0.024402375
11/13/2002,882.5,6.7827588,-0.000566412
11/12/2002,883,6.7833252,0.007730825
11/11/2002,876.2,6.7755944,-0.020894091
11/08/2002,894.7,6.7964885,-0.008791021
11/07/2002,902.6,6.8052795,-0.023216111
11/06/2002,923.8,6.8284956,0.00913447
11/05/2002,915.4,6.8193611,0.007676318
11/04/2002,908.4,6.8116848,0.008179553
11/01/2002,901,6.8035053,0.017014066
10/31/2002,885.8,6.7864912,-0.005516479
10/30/2002,890.7,6.7920077,0.009702242
10/29/2002,882.1,6.7823054,-0.009140728
10/28/2002,890.2,6.7914462,-0.008278378
10/25/2002,897.6,6.7997245,0.016965746
10/24/2002,882.5,6.7827588,-0.015293225
10/23/2002,896.1,6.798052,0.006605857
10/22/2002,890.2,6.7914462,-0.010615218
10/21/2002,899.7,6.8020614,0.017151925
10/18/2002,884.4,6.7849094,0.005897046
10/17/2002,879.2,6.7790124,0.022080014
10/16/2002,860,6.7569324,-0.024465701
10/15/2002,881.3,6.7813981,0.046330919
10/14/2002,841.4,6.7350672,0.007276229
10/11/2002,835.3,6.7277909,0.038316058
10/10/2002,803.9,6.6894749,0.034291966
10/09/2002,776.8,6.6551829,-0.027552051
10/08/2002,798.5,6.682735,0.016669157
10/07/2002,785.3,6.6660658,-0.019295636
10/04/2002,800.6,6.6853614,-0.022722637
10/03/2002,819,6.7080841,-0.01080829
10/02/2002,827.9,6.7188924,-0.02387033
10/01/2002,847.9,6.7427627,0.039206561
09/30/2002,815.3,6.7035561,-0.01473211
09/27/2002,827.4,6.7182883,-0.032813215
09/26/2002,855,6.7511015,0.018056784
09/25/2002,839.7,6.7330447,0.024594368
09/24/2002,819.3,6.7084503,-0.017423308
09/23/2002,833.7,6.7258736,-0.013936263
09/20/2002,845.4,6.7398099,0.002487122
09/19/2002,843.3,6.7373228,-0.030595567
09/18/2002,869.5,6.7679183,-0.004589796
09/17/2002,873.5,6.7725081,-0.019948525
09/16/2002,891.1,6.7924567,0.001459936
09/13/2002,889.8,6.7909967,0.003264482
09/12/2002,886.9,6.7877322,-0.025162762
09/11/2002,909.5,6.812895,-0.000109944
09/10/2002,909.6,6.8130049,0.007282389
09/09/2002,903,6.8057226,0.010128641
09/06/2002,893.9,6.7955939,0.016695255
09/05/2002,879.1,6.7788987,-0.016135752
09/04/2002,893.4,6.7950344,0.017387815
09/03/2002,878,6.7776466,-0.042478935
08/30/2002,916.1,6.8201255,-0.001853973
08/29/2002,917.8,6.8219795,-0.00010895
08/28/2002,917.9,6.8220885,-0.01824415
08/27/2002,934.8,6.8403326,-0.0140219
08/26/2002,948,6.8543545,0.007517638
08/23/2002,940.9,6.8468369,-0.022904973
08/22/2002,962.7,6.8697418,0.013911631
08/21/2002,949.4,6.8558302,0.012720121
08/20/2002,937.4,6.8431101,-0.01408847
08/19/2002,950.7,6.8571986,0.023305125
08/16/2002,928.8,6.8338934,-0.001506186
08/15/2002,930.2,6.8353996,0.011460824
08/14/2002,919.6,6.8239388,0.039255511
08/13/2002,884.2,6.7846833,-0.021924816
08/12/2002,903.8,6.8066081,-0.005296856
08/09/2002,908.6,6.811905,0.003417676
08/08/2002,905.5,6.8084873,0.032208361
08/07/2002,876.8,6.7762789,0.019811751
08/06/2002,859.6,6.7564672,0.029514597
08/05/2002,834.6,6.7269526,-0.034851655
08/02/2002,864.2,6.7618042,-0.023444381
08/01/2002,884.7,6.7852486,-0.029952693
07/31/2002,911.6,6.8152013,0.009700252
07/30/2002,902.8,6.805501,0.00421801
07/29/2002,899,6.801283,0.052757981
07/26/2002,852.8,6.7485251,0.016671979
07/25/2002,838.7,6.7318531,-0.005588267
07/24/2002,843.4,6.7374413,0.055708754
07/23/2002,797.7,6.6817326,-0.027449795
07/22/2002,819.9,6.7091824,-0.033462377
07/19/2002,847.8,6.7426448,-0.039093679
07/18/2002,881.6,6.7817384,-0.027300868
07/17/2002,906,6.8090393,0.005534048
07/16/2002,901,6.8035053,-0.018583195
07/15/2002,917.9,6.8220885,-0.0038058
07/12/2002,921.4,6.8258943,-0.006490719
07/11/2002,927.4,6.832385,0.007467971
07/10/2002,920.5,6.824917,-0.034488017
07/09/2002,952.8,6.859405,-0.025081634
07/08/2002,977,6.8844867,-0.01220768
07/05/2002,989,6.8966943,0.03603066
07/03/2002,954,6.8606637,0.00620369
07/02/2002,948.1,6.85446,-0.021391748
07/01/2002,968.6,6.8758517,-0.021651173
06/28/2002,989.8,6.8975029,-0.000807918
06/27/2002,990.6,6.8983108,0.017412995
06/26/2002,973.5,6.8808978,-0.002667215
06/25/2002,976.1,6.883565,-0.016863463
06/24/2002,992.7,6.9004285,0.003633065
06/21/2002,989.1,6.8967954,-0.017240078
06/20/2002,"1,006.30",6.9140355,-0.013522389
06/19/2002,"1,020.00",6.9275579,-0.016625729
06/18/2002,"1,037.10",6.9441836,0.000868181
06/17/2002,"1,036.20",6.9433155,0.028286691
06/14/2002,"1,007.30",6.9150288,-0.002280729
06/13/2002,"1,009.60",6.9173095,-0.010542489
06/12/2002,"1,020.30",6.927852,0.006588352
06/11/2002,"1,013.60",6.9212636,-0.016729833
06/10/2002,"1,030.70",6.9379935,0.003109516
06/07/2002,"1,027.50",6.9348839,-0.001653134
06/06/2002,"1,029.20",6.9365371,-0.01991312
06/05/2002,"1,049.90",6.9564502,0.008801358
06/04/2002,"1,040.70",6.9476488,0
06/03/2002,"1,040.70",6.9476488,-0.025051125
05/31/2002,"1,067.10",6.9727,0.002251619
05/30/2002,"1,064.70",6.9704483,-0.002813733
05/29/2002,"1,067.70",6.9732621,-0.006348635
05/28/2002,"1,074.50",6.9796107,-0.008617947
05/24/2002,"1,083.80",6.9882287,-0.012196951
05/23/2002,"1,097.10",7.0004256,0.010169113
05/22/2002,"1,086.00",6.9902565,0.005632777
05/21/2002,"1,079.90",6.9846237,-0.011050854
05/20/2002,"1,091.90",6.9956746,-0.013372953
05/17/2002,"1,106.60",7.0090475,0.007619776
05/16/2002,"1,098.20",7.0014278,0.006486114
05/15/2002,"1,091.10",6.9949416,-0.005666255
05/14/2002,"1,097.30",7.0006079,0.020904118
05/13/2002,"1,074.60",6.9797038,0.018407732
05/10/2002,"1,055.00",6.961296,-0.016917697
05/09/2002,"1,073.00",6.9782137,-0.014617709
05/08/2002,"1,088.80",6.9928315,0.036762312
05/07/2002,"1,049.50",6.9560691,-0.003044432
05/06/2002,"1,052.70",6.9591136,-0.019472888
05/03/2002,"1,073.40",6.9785865,-0.010380075
05/02/2002,"1,084.60",6.9889665,-0.001750265
05/01/2002,"1,086.50",6.9907168,0.008874977
04/30/2002,"1,076.90",6.9818418,0.010642371
04/29/2002,"1,065.50",6.9711995,-0.010085061
04/26/2002,"1,076.30",6.9812845,-0.014023664
04/25/2002,"1,091.50",6.9953082,-0.001464799
04/24/2002,"1,093.10",6.996773,-0.007201161
04/23/2002,"1,101.00",7.0039741,-0.006157209
04/22/2002,"1,107.80",7.0101313,-0.015584731
04/19/2002,"1,125.20",7.0257161,0.000622305
04/18/2002,"1,124.50",7.0250938,-0.001421843
04/17/2002,"1,126.10",7.0265156,-0.002040364
04/16/2002,"1,128.40",7.028556,0.023220372
04/15/2002,"1,102.50",7.0053356,-0.007680182
04/12/2002,"1,111.00",7.0130158,0.006592339
04/11/2002,"1,103.70",7.0064235,-0.023991841
04/10/2002,"1,130.50",7.0304153,0.011297545
04/09/2002,"1,117.80",7.0191177,-0.006687199
04/08/2002,"1,125.30",7.0258049,0.002313168
04/05/2002,"1,122.70",7.0234918,-0.003201426
04/04/2002,"1,126.30",7.0266932,0.000799396
04/03/2002,"1,125.40",7.0258938,-0.01007877
04/02/2002,"1,136.80",7.0359726,-0.008496526
04/01/2002,"1,146.50",7.0444691,-0.00078469
03/28/2002,"1,147.40",7.0452538,0.002443282
03/27/2002,"1,144.60",7.0428105,0.005343624
03/26/2002,"1,138.50",7.0374669,0.00581397
03/25/2002,"1,131.90",7.0316529,-0.014733232
03/22/2002,"1,148.70",7.0463861,-0.004256619
03/21/2002,"1,153.60",7.0506428,0.001561551
03/20/2002,"1,151.80",7.0490812,-0.01593419
03/19/2002,"1,170.30",7.0650154,0.004109947
03/18/2002,"1,165.50",7.0609055,-0.00060042
03/15/2002,"1,166.20",7.0615059,0.011383359
03/14/2002,"1,153.00",7.0501225,-0.000953578
03/13/2002,"1,154.10",7.0510761,-0.009915156
03/12/2002,"1,165.60",7.0609913,-0.002313725
03/11/2002,"1,168.30",7.063305,0.003429653
03/08/2002,"1,164.30",7.0598753,0.005857541
03/07/2002,"1,157.50",7.0540178,-0.004568383
03/06/2002,"1,162.80",7.0585862,0.014466015
03/05/2002,"1,146.10",7.0441202,-0.006695968
03/04/2002,"1,153.80",7.0508161,0.019251557
03/01/2002,"1,131.80",7.0315646,0.022426671
02/28/2002,"1,106.70",7.0091379,-0.002887307
02/27/2002,"1,109.90",7.0120252,0.000450593
02/26/2002,"1,109.40",7.0115746,0
02/25/2002,"1,109.40",7.0115746,0.017825135
02/22/2002,"1,089.80",6.9937495,0.008107655
02/21/2002,"1,081.00",6.9856418,-0.015603804
02/20/2002,"1,098.00",7.0012456,0.013478405
02/19/2002,"1,083.30",6.9877672,-0.019109153
02/15/2002,"1,104.20",7.0068764,-0.011077701
02/14/2002,"1,116.50",7.0179541,-0.00178971
02/13/2002,"1,118.50",7.0197438,0.009883279
02/12/2002,"1,107.50",7.0098605,-0.003965041
02/11/2002,"1,111.90",7.0138255,0.01422061
02/08/2002,"1,096.20",6.9996049,0.014703444
02/07/2002,"1,080.20",6.9849015,-0.003050333
02/06/2002,"1,083.50",6.9879518,-0.005981154
02/05/2002,"1,090.00",6.993933,-0.004028572
02/04/2002,"1,094.40",6.9979615,-0.025084776
02/01/2002,"1,122.20",7.0230463,-0.007103564
01/31/2002,"1,130.20",7.0301499,0.014796598
01/30/2002,"1,113.60",7.0153533,0.011742525
01/29/2002,"1,100.60",7.0036108,-0.029101754
01/28/2002,"1,133.10",7.0327125,-0.000176491
01/25/2002,"1,133.30",7.032889,0.000971088
01/24/2002,"1,132.20",7.0319179,0.0035392
01/23/2002,"1,128.20",7.0283787,0.007919952
01/22/2002,"1,119.30",7.0204588,-0.00738799
01/18/2002,"1,127.60",7.0278468,-0.009971404
01/17/2002,"1,138.90",7.0378182,0.009971404
01/16/2002,"1,127.60",7.0278468,-0.016360643
01/15/2002,"1,146.20",7.0442074,0.006828355
01/14/2002,"1,138.40",7.037379,-0.006304749
01/11/2002,"1,145.60",7.0436838,-0.009469685
01/10/2002,"1,156.50",7.0531535,0.001211282
01/09/2002,"1,155.10",7.0519422,-0.004836351
01/08/2002,"1,160.70",7.0567786,-0.003611975
01/07/2002,"1,164.90",7.0603905,-0.006502975
01/04/2002,"1,172.50",7.0668935,0.006159657
01/03/2002,"1,165.30",7.0607338,0.009137995
01/02/2002,"1,154.70",7.0515958,0.005732168
12/31/2001,"1,148.10",7.0458637,-0.011173301
12/28/2001,"1,161.00",7.057037,0.003364828
12/27/2001,"1,157.10",7.0536722,0.006676808
12/26/2001,"1,149.40",7.0469953,0.004097473
12/24/2001,"1,144.70",7.0428979,-0.000174703
12/21/2001,"1,144.90",7.0430726,0.004376758
12/20/2001,"1,139.90",7.0386958,-0.008473517
12/19/2001,"1,149.60",7.0471693,0.005845164
12/18/2001,"1,142.90",7.0413242,0.007465015
12/17/2001,"1,134.40",7.0338592,0.010011158
12/14/2001,"1,123.10",7.023848,0.003299892
12/13/2001,"1,119.40",7.0205481,-0.015688334
12/12/2001,"1,137.10",7.0362364,0.000263864
12/11/2001,"1,136.80",7.0359726,-0.002723241
12/10/2001,"1,139.90",7.0386958,-0.016012874
12/07/2001,"1,158.30",7.0547087,-0.007568626
12/06/2001,"1,167.10",7.0622773,-0.002738087
12/05/2001,"1,170.30",7.0650154,0.022030177
12/04/2001,"1,144.80",7.0429852,0.013100816
12/03/2001,"1,129.90",7.0298844,-0.008460436
11/30/2001,"1,139.50",7.0383448,-0.000614116
11/29/2001,"1,140.20",7.038959,0.010314368
11/28/2001,"1,128.50",7.0286446,-0.018437748
11/27/2001,"1,149.50",7.0470823,-0.006849045
11/26/2001,"1,157.40",7.0539314,0.006153332
11/23/2001,"1,150.30",7.0477781,0.011629563
11/21/2001,"1,137.00",7.0361485,-0.005000668
11/20/2001,"1,142.70",7.0411492,-0.007324124
11/19/2001,"1,151.10",7.0484733,0.010830746
11/16/2001,"1,138.70",7.0376425,-0.003068966
11/15/2001,"1,142.20",7.0407115,0.000875887
11/14/2001,"1,141.20",7.0398356,0.001841863
11/13/2001,"1,139.10",7.0379938,0.018428802
11/12/2001,"1,118.30",7.019565,-0.001786832
11/09/2001,"1,120.30",7.0213518,0.001608005
11/08/2001,"1,118.50",7.0197438,0.002416866
11/07/2001,"1,115.80",7.0173269,-0.002774423
11/06/2001,"1,118.90",7.0201013,0.01449366
11/05/2001,"1,102.80",7.0056077,0.014246816
11/02/2001,"1,087.20",6.9913609,0.002855434
11/01/2001,"1,084.10",6.9885054,0.022669939
10/31/2001,"1,059.80",6.9658355,0
10/30/2001,"1,059.80",6.9658355,-0.017305516
10/29/2001,"1,078.30",6.983141,-0.024097552
10/26/2001,"1,104.60",7.0072386,0.004082194
10/25/2001,"1,100.10",7.0031564,0.013636783
10/24/2001,"1,085.20",6.9895196,0.000368664
10/23/2001,"1,084.80",6.9891509,-0.004690311
10/22/2001,"1,089.90",6.9938412,0.015161611
10/19/2001,"1,073.50",6.9786796,0.004574958
10/18/2001,"1,068.60",6.9741047,-0.007922864
10/17/2001,"1,077.10",6.9820275,-0.018762622
10/16/2001,"1,097.50",7.0007901,0.00685717
10/15/2001,"1,090.00",6.993933,-0.001558418
10/12/2001,"1,091.70",6.9954914,-0.005207631
10/11/2001,"1,097.40",7.000699,0.015057207
10/10/2001,"1,081.00",6.9856418,0.022641064
10/09/2001,"1,056.80",6.9630008,-0.005285026
10/08/2001,"1,062.40",6.9682858,-0.008435705
10/05/2001,"1,071.40",6.9767215,0.001681458
10/04/2001,"1,069.60",6.97504,-0.002521127
10/03/2001,"1,072.30",6.9775612,0.019778381
10/02/2001,"1,051.30",6.9577828,0.012250129
10/01/2001,"1,038.50",6.9455326,-0.002308359
09/28/2001,"1,040.90",6.947841,0.021656588
09/27/2001,"1,018.60",6.9261844,0.011453522
09/26/2001,"1,007.00",6.9147309,-0.005249356
09/25/2001,"1,012.30",6.9199802,0.00873108
09/24/2001,"1,003.50",6.9112492,0.038292395
09/21/2001,965.8,6.8729568,-0.019177125
09/20/2001,984.5,6.8921339,-0.03159315
09/19/2001,"1,016.10",6.923727,-0.016204962
09/18/2001,"1,032.70",6.939932,-0.005889469
09/17/2001,"1,038.80",6.9458215,-0.050402447
09/10/2001,"1,092.50",6.9962239,0.006151605
09/07/2001,"1,085.80",6.9900723,-0.018794459
09/06/2001,"1,106.40",7.0088668,-0.022609426
09/05/2001,"1,131.70",7.0314762,-0.00105979
09/04/2001,"1,132.90",7.032536,-0.000617692
08/31/2001,"1,133.60",7.0331537,0.004066124
08/30/2001,"1,129.00",7.0290876,-0.017211524
08/29/2001,"1,148.60",7.0462991,-0.011168464
08/28/2001,"1,161.50",7.0574676,-0.015123969
08/27/2001,"1,179.20",7.0725915,-0.00482214
08/24/2001,"1,184.90",7.0774137,0.01942967
08/23/2001,"1,162.10",7.057984,-0.002749851
08/22/2001,"1,165.30",7.0607338,0.006888859
08/21/2001,"1,157.30",7.053845,-0.012109909
08/20/2001,"1,171.40",7.0659549,0.008056956
08/17/2001,"1,162.00",7.0578979,-0.016811421
08/16/2001,"1,181.70",7.0747094,0.003135994
08/15/2001,"1,178.00",7.0715734,-0.00735826
08/14/2001,"1,186.70",7.0789316,-0.003868802
08/13/2001,"1,191.30",7.0828004,0.000923788
08/10/2001,"1,190.20",7.0818766,0.005729709
08/09/2001,"1,183.40",7.0761469,-8.45E-05
08/08/2001,"1,183.50",7.0762314,-0.017505368
08/07/2001,"1,204.40",7.0937368,0.003243381
08/06/2001,"1,200.50",7.0904934,-0.011429642
08/03/2001,"1,214.30",7.1019231,-0.005338602
08/02/2001,"1,220.80",7.1072617,0.004021838
08/01/2001,"1,215.90",7.1032398,0.00387294
07/31/2001,"1,211.20",7.0993669,0.005547061
07/30/2001,"1,204.50",7.0938198,-0.001078704
07/27/2001,"1,205.80",7.0948985,0.002407939
07/26/2001,"1,202.90",7.0924906,0.010361921
07/25/2001,"1,190.50",7.0821287,0.015917701
07/24/2001,"1,171.70",7.066211,-0.016337605
07/23/2001,"1,191.00",7.0825486,-0.016488008
07/20/2001,"1,210.80",7.0990366,-0.003462779
07/19/2001,"1,215.00",7.1024994,0.006026352
07/18/2001,"1,207.70",7.096473,-0.005532403
07/17/2001,"1,214.40",7.1020054,0.009847405
07/16/2001,"1,202.50",7.092158,-0.01091732
07/13/2001,"1,215.70",7.1030753,0.006271165
07/12/2001,"1,208.10",7.0968042,0.023364962
07/11/2001,"1,180.20",7.0734392,-0.001100902
07/10/2001,"1,181.50",7.0745401,-0.014536239
07/09/2001,"1,198.80",7.0890763,0.006863675
07/06/2001,"1,190.60",7.0822127,-0.023737524
07/05/2001,"1,219.20",7.1059502,-0.012471124
07/03/2001,"1,234.50",7.1184213,-0.001780512
07/02/2001,"1,236.70",7.1202018,0.009995614
06/29/2001,"1,224.40",7.1102062,-0.001469028
06/28/2001,"1,226.20",7.1116752,0.012390919
06/27/2001,"1,211.10",7.0992843,-0.004695424
06/26/2001,"1,216.80",7.1039797,-0.001478197
06/25/2001,"1,218.60",7.1054579,-0.005483053
06/22/2001,"1,225.30",7.110941,-0.009503381
06/21/2001,"1,237.00",7.1204444,0.011300474
06/20/2001,"1,223.10",7.1091439,0.008621805
06/19/2001,"1,212.60",7.1005221,0.003469644
06/18/2001,"1,208.40",7.0970524,-0.004952957
06/15/2001,"1,214.40",7.1020054,-0.004518761
06/14/2001,"1,219.90",7.1065242,-0.017631982
06/13/2001,"1,241.60",7.1241561,-0.011371949
06/12/2001,"1,255.80",7.1355281,0.001115449
06/11/2001,"1,254.40",7.1344126,-0.008414752
06/08/2001,"1,265.00",7.1428274,-0.009441455
06/07/2001,"1,277.00",7.1522689,0.005496677
06/06/2001,"1,270.00",7.1467722,-0.01065173
06/05/2001,"1,283.60",7.1574239,0.012937805
06/04/2001,"1,267.10",7.1444861,0.005063703
06/01/2001,"1,260.70",7.1394224,0.003894303
05/31/2001,"1,255.80",7.1355281,0.006150425
05/30/2001,"1,248.10",7.1293777,-0.015739594
05/29/2001,"1,267.90",7.1451173,-0.007856117
05/25/2001,"1,277.90",7.1529734,-0.011901661
05/24/2001,"1,293.20",7.164875,0.003253043
05/23/2001,"1,289.00",7.161622,-0.015702293
05/22/2001,"1,309.40",7.1773243,-0.002593244
05/21/2001,"1,312.80",7.1799175,0.015970855
05/18/2001,"1,292.00",7.1639467,0.002712654
05/17/2001,"1,288.50",7.161234,0.002720033
05/16/2001,"1,285.00",7.158514,0.028095282
05/15/2001,"1,249.40",7.1304187,0.000400272
05/14/2001,"1,248.90",7.1300184,0.002565543
05/11/2001,"1,245.70",7.1274529,-0.007597302
05/10/2001,"1,255.20",7.1350502,-0.000238977
05/09/2001,"1,255.50",7.1352892,-0.004529749
05/08/2001,"1,261.20",7.1398189,-0.001821999
05/07/2001,"1,263.50",7.1416409,-0.002450497
05/04/2001,"1,266.60",7.1440914,0.014313221
05/03/2001,"1,248.60",7.1297782,-0.014944634
05/02/2001,"1,267.40",7.1447228,0.000789328
05/01/2001,"1,266.40",7.1439335,0.013434758
04/30/2001,"1,249.50",7.1304988,-0.002797205
04/27/2001,"1,253.00",7.133296,0.014874646
04/26/2001,"1,234.50",7.1184213,0.004627946
04/25/2001,"1,228.80",7.1137934,0.015831032
04/24/2001,"1,209.50",7.0979623,-0.012243877
04/23/2001,"1,224.40",7.1102062,-0.015076884
04/20/2001,"1,243.00",7.1252831,-0.008571367
04/19/2001,"1,253.70",7.1338545,0.012440467
04/18/2001,"1,238.20",7.121414,0.038193943
04/17/2001,"1,191.80",7.08322,0.0102046
04/16/2001,"1,179.70",7.0730154,-0.003215981
04/12/2001,"1,183.50",7.0762314,0.014982829
04/11/2001,"1,165.90",7.0612486,-0.002141971
04/10/2001,"1,168.40",7.0633906,0.026714511
04/09/2001,"1,137.60",7.0366761,0.00812008
04/06/2001,"1,128.40",7.028556,-0.020177893
04/05/2001,"1,151.40",7.0487339,0.042763546
04/04/2001,"1,103.20",7.0059703,-0.002986833
04/03/2001,"1,106.50",7.0089572,-0.034988474
04/02/2001,"1,145.90",7.0439456,-0.012488238
03/30/2001,"1,160.30",7.0564339,0.010657294
03/29/2001,"1,148.00",7.0457766,-0.0046061
03/28/2001,"1,153.30",7.0503827,-0.024749711
03/27/2001,"1,182.20",7.0751324,0.025270093
03/26/2001,"1,152.70",7.0498623,0.011254208
03/23/2001,"1,139.80",7.0386081,0.019669279
03/22/2001,"1,117.60",7.0189388,-0.004018401
03/21/2001,"1,122.10",7.0229572,-0.018104438
03/20/2001,"1,142.60",7.0410616,-0.024380909
03/19/2001,"1,170.80",7.0654426,0.017490645
03/16/2001,"1,150.50",7.0479519,-0.019879317
03/15/2001,"1,173.60",7.0678312,0.005896697
03/14/2001,"1,166.70",7.0619345,-0.0262238
03/13/2001,"1,197.70",7.0881583,0.014719135
03/12/2001,"1,180.20",7.0734392,-0.044090668
03/09/2001,"1,233.40",7.1175299,-0.025060356
03/08/2001,"1,264.70",7.1425902,0.002216418
03/07/2001,"1,261.90",7.1403738,0.006439582
03/06/2001,"1,253.80",7.1339342,0.009939165
03/05/2001,"1,241.40",7.1239951,0.005816788
03/02/2001,"1,234.20",7.1181783,-0.005655667
03/01/2001,"1,241.20",7.1238339,0.001047922
02/28/2001,"1,239.90",7.122786,-0.014412933
02/27/2001,"1,257.90",7.1371989,-0.007760571
02/26/2001,"1,267.70",7.1449595,0.017346075
02/23/2001,"1,245.90",7.1276134,-0.005522886
02/22/2001,"1,252.80",7.1331363,-0.001993542
02/21/2001,"1,255.30",7.1351299,-0.018625746
02/20/2001,"1,278.90",7.1537556,-0.017517112
02/16/2001,"1,301.50",7.1712727,-0.019101833
02/15/2001,"1,326.60",7.1903746,0.008098436
02/14/2001,"1,315.90",7.1822761,-0.00220139
02/13/2001,"1,318.80",7.1844775,-0.008682248
02/12/2001,"1,330.30",7.1931598,0.011719918
02/09/2001,"1,314.80",7.1814398,-0.013372314
02/08/2001,"1,332.50",7.1948122,-0.006284153
02/07/2001,"1,340.90",7.2010963,-0.008465816
02/06/2001,"1,352.30",7.2095621,-0.001477869
02/05/2001,"1,354.30",7.21104,0.003550562
02/02/2001,"1,349.50",7.2074894,-0.017628073
02/01/2001,"1,373.50",7.2251175,0.005475465
01/31/2001,"1,366.00",7.219642,-0.005621068
01/30/2001,"1,373.70",7.2252631,0.006939653
01/29/2001,"1,364.20",7.2183235,0.006766722
01/26/2001,"1,355.00",7.2115567,-0.001843318
01/25/2001,"1,357.50",7.2134001,-0.004996704
01/24/2001,"1,364.30",7.2183968,0.002862702
01/23/2001,"1,360.40",7.2155341,0.01294732
01/22/2001,"1,342.90",7.2025867,0.000297907
01/19/2001,"1,342.50",7.2022888,-0.004088465
01/18/2001,"1,348.00",7.2063773,0.013819081
01/17/2001,"1,329.50",7.1925582,0.002108276
01/16/2001,"1,326.70",7.1904499,0.006351628
01/12/2001,"1,318.30",7.1840983,-0.006427
01/11/2001,"1,326.80",7.1905253,0.010226974
01/10/2001,"1,313.30",7.1802983,0.009563594
01/09/2001,"1,300.80",7.1707347,0.003774025
01/08/2001,"1,295.90",7.1669607,-0.001850282
01/05/2001,"1,298.30",7.168811,-0.026601356
01/04/2001,"1,333.30",7.1954124,-0.01066816
01/03/2001,"1,347.60",7.2060805,0.048890347
01/02/2001,"1,283.30",7.1571902,-0.028424098
12/29/2000,"1,320.30",7.1856143,-0.010472878
12/28/2000,"1,334.20",7.1960871,0.003980329
12/27/2000,"1,328.90",7.1921068,0.010362787
12/26/2000,"1,315.20",7.181744,0.007019714
12/22/2000,"1,306.00",7.1747243,0.024101287
12/21/2000,"1,274.90",7.150623,0.008032804
12/20/2000,"1,264.70",7.1425902,-0.031827765
12/19/2000,"1,305.60",7.174418,-0.013012397
12/18/2000,"1,322.70",7.1874304,0.007969984
12/15/2000,"1,312.20",7.1794604,-0.021635912
12/14/2000,"1,340.90",7.2010963,-0.014143669
12/13/2000,"1,360.00",7.21524,-0.008201569
12/12/2000,"1,371.20",7.2234415,-0.006542147
12/11/2000,"1,380.20",7.2299837,0.007490672
12/08/2000,"1,369.90",7.222493,0.019459595
12/07/2000,"1,343.50",7.2030334,-0.005936938
12/06/2000,"1,351.50",7.2089704,-0.018328959
12/05/2000,"1,376.50",7.2272993,0.038131586
12/04/2000,"1,325.00",7.1891677,0.007423714
12/01/2000,"1,315.20",7.181744,0.00015208
11/30/2000,"1,315.00",7.1815919,-0.020249854
11/29/2000,"1,341.90",7.2018418,0.004331598
11/28/2000,"1,336.10",7.1975102,-0.009608655
11/27/2000,"1,349.00",7.2071189,0.005351581
11/24/2000,"1,341.80",7.2017673,0.014563729
11/22/2000,"1,322.40",7.1872035,-0.018654322
11/21/2000,"1,347.30",7.2058579,0.003494557
11/20/2000,"1,342.60",7.2023633,-0.018522464
11/17/2000,"1,367.70",7.2208858,-0.003357667
11/16/2000,"1,372.30",7.2242434,-0.012671688
11/15/2000,"1,389.80",7.2369151,0.004904799
11/14/2000,"1,383.00",7.2320103,0.023187961
11/13/2000,"1,351.30",7.2088224,-0.010819669
11/10/2000,"1,366.00",7.219642,-0.024656901
11/09/2000,"1,400.10",7.2442989,-0.006549465
11/08/2000,"1,409.30",7.2508484,-0.015909106
11/07/2000,"1,431.90",7.2667575,-0.00020949
11/06/2000,"1,432.20",7.266967,0.003847638
11/03/2000,"1,426.70",7.2631194,-0.001120841
11/02/2000,"1,428.30",7.2642402,0.004983341
11/01/2000,"1,421.20",7.2592569,-0.005753191
10/31/2000,"1,429.40",7.2650101,0.021711542
10/30/2000,"1,398.70",7.2432985,0.013749632
10/27/2000,"1,379.60",7.2295489,0.011078831
10/26/2000,"1,364.40",7.2184701,-0.000366394
10/25/2000,"1,364.90",7.2188364,-0.024033006
10/24/2000,"1,398.10",7.2428695,0.001646444
10/23/2000,"1,395.80",7.241223,-0.000787768
10/20/2000,"1,396.90",7.2420108,0.005815431
10/19/2000,"1,388.80",7.2361953,0.034204514
10/18/2000,"1,342.10",7.2019908,-0.005869041
10/17/2000,"1,350.00",7.2078599,-0.018058187
10/16/2000,"1,374.60",7.2259181,0.000291036
10/13/2000,"1,374.20",7.225627,0.032843189
10/12/2000,"1,329.80",7.1927838,-0.02583279
10/11/2000,"1,364.60",7.2186166,-0.016281796
10/10/2000,"1,387.00",7.2348984,-0.010756647
10/09/2000,"1,402.00",7.2456551,-0.004980444
10/06/2000,"1,409.00",7.2506355,-0.01919013
10/05/2000,"1,436.30",7.2698256,0.001393437
10/04/2000,"1,434.30",7.2684322,0.005453034
10/03/2000,"1,426.50",7.2629792,-0.006776845
10/02/2000,"1,436.20",7.269756,-0.000208863
09/29/2000,"1,436.50",7.2699649,-0.015061774
09/28/2000,"1,458.30",7.2850267,0.021977383
09/27/2000,"1,426.60",7.2630493,-0.000420492
09/26/2000,"1,427.20",7.2634698,-0.008233945
09/25/2000,"1,439.00",7.2717037,-0.006718175
09/22/2000,"1,448.70",7.2784219,-0.000207061
09/21/2000,"1,449.00",7.2786289,-0.001586043
09/20/2000,"1,451.30",7.280215,-0.005908234
09/19/2000,"1,459.90",7.2861232,0.010604699
09/18/2000,"1,444.50",7.2755185,-0.014637928
09/15/2000,"1,465.80",7.2901564,-0.010248843
09/14/2000,"1,480.90",7.3004053,-0.002697419
09/13/2000,"1,484.90",7.3031027,0.001954903
09/12/2000,"1,482.00",7.3011478,-0.004913684
09/11/2000,"1,489.30",7.3060615,-0.003485492
09/08/2000,"1,494.50",7.309547,-0.005338685
09/07/2000,"1,502.50",7.3148857,0.006878846
09/06/2000,"1,492.20",7.3080068,-0.009935733
09/05/2000,"1,507.10",7.3179426,-0.009049238
09/01/2000,"1,520.80",7.3269918,0.002040481
08/31/2000,"1,517.70",7.3249513,0.00999909
08/30/2000,"1,502.60",7.3149522,-0.004780251
08/29/2000,"1,509.80",7.3197325,-0.002844011
08/28/2000,"1,514.10",7.3225765,0.005032123
08/25/2000,"1,506.50",7.3175444,-0.001194109
08/24/2000,"1,508.30",7.3187385,0.001526059
08/23/2000,"1,506.00",7.3172124,0.005259491
08/22/2000,"1,498.10",7.3119529,-0.000934081
08/21/2000,"1,499.50",7.312887,0.00521531
08/18/2000,"1,491.70",7.3076717,-0.002945313
08/17/2000,"1,496.10",7.310617,0.010954779
08/16/2000,"1,479.80",7.2996622,-0.003103707
08/15/2000,"1,484.40",7.3027659,-0.004838719
08/14/2000,"1,491.60",7.3076046,0.013363228
08/11/2000,"1,471.80",7.2942414,0.007912729
08/10/2000,"1,460.20",7.2863287,-0.008659834
08/09/2000,"1,472.90",7.2949885,-0.006698946
08/08/2000,"1,482.80",7.3016875,0.002363189
08/07/2000,"1,479.30",7.2993243,0.011148236
08/04/2000,"1,462.90",7.288176,0.007065713
08/03/2000,"1,452.60",7.2811103,0.009615126
08/02/2000,"1,438.70",7.2714952,0.00041713
08/01/2000,"1,438.10",7.2710781,0.00508907
07/31/2000,"1,430.80",7.265989,0.007647282
07/28/2000,"1,419.90",7.2583417,-0.02070121
07/27/2000,"1,449.60",7.2790429,-0.001929704
07/26/2000,"1,452.40",7.2809726,-0.015101589
07/25/2000,"1,474.50",7.2960742,0.006941637
07/24/2000,"1,464.30",7.2891326,-0.010799901
07/21/2000,"1,480.20",7.2999325,-0.01035025
07/20/2000,"1,495.60",7.3102827,0.009134937
07/19/2000,"1,482.00",7.3011478,-0.007863736
07/18/2000,"1,493.70",7.3090115,-0.011184459
07/17/2000,"1,510.50",7.320196,0.000331071
07/14/2000,"1,510.00",7.3198649,0.00944847
07/13/2000,"1,495.80",7.3104165,0.001940644
07/12/2000,"1,492.90",7.3084758,0.008070526
07/11/2000,"1,480.90",7.3004053,0.003585324
07/10/2000,"1,475.60",7.29682,-0.002233881
07/07/2000,"1,478.90",7.2990538,0.015124965
07/06/2000,"1,456.70",7.2839289,0.007234177
07/05/2000,"1,446.20",7.2766947,-0.01598278
07/03/2000,"1,469.50",7.2926775,0.010191258
06/30/2000,"1,454.60",7.2824862,0.008422556
06/29/2000,"1,442.40",7.2740637,-0.008560041
06/28/2000,"1,454.80",7.2826237,0.00296011
06/27/2000,"1,450.50",7.2796636,-0.00330374
06/26/2000,"1,455.30",7.2829673,0.009527827
06/23/2000,"1,441.50",7.2734395,-0.00739541
06/22/2000,"1,452.20",7.2808349,-0.018354147
06/21/2000,"1,479.10",7.2991891,0.002098069
06/20/2000,"1,476.00",7.297091,-0.00675222
06/19/2000,"1,486.00",7.3038432,0.014574059
06/16/2000,"1,464.50",7.2892692,-0.009649436
06/15/2000,"1,478.70",7.2989186,0.005560844
06/14/2000,"1,470.50",7.2933578,0.000748325
06/13/2000,"1,469.40",7.2926094,0.01605303
06/12/2000,"1,446.00",7.2765564,-0.007578403
06/09/2000,"1,457.00",7.2841348,-0.003220615
06/08/2000,"1,461.70",7.2873554,-0.006614187
06/07/2000,"1,471.40",7.2939696,0.009285879
06/06/2000,"1,457.80",7.2846837,-0.006699964
06/05/2000,"1,467.60",7.2913837,-0.006587684
06/02/2000,"1,477.30",7.2979714,0.01948047
06/01/2000,"1,448.80",7.2784909,0.01965631
05/31/2000,"1,420.60",7.2588346,-0.001336569
05/30/2000,"1,422.50",7.2601712,0.031782714
05/26/2000,"1,378.00",7.2283885,-0.002536693
05/25/2000,"1,381.50",7.2309251,-0.01258783
05/24/2000,"1,399.00",7.243513,0.018104285
05/23/2000,"1,373.90",7.2254087,-0.019318701
05/22/2000,"1,400.70",7.2447274,-0.004487666
05/19/2000,"1,407.00",7.2492151,-0.021236998
05/18/2000,"1,437.20",7.2704521,-0.007348387
05/17/2000,"1,447.80",7.2778004,-0.012492441
05/16/2000,"1,466.00",7.2902929,0.009320243
05/15/2000,"1,452.40",7.2809726,0.021856511
05/12/2000,"1,421.00",7.2591161,0.009332647
05/11/2000,"1,407.80",7.2497835,0.01777315
05/10/2000,"1,383.00",7.2320103,-0.020822905
05/09/2000,"1,412.10",7.2528332,-0.008532294
05/08/2000,"1,424.20",7.2613655,-0.005880723
05/05/2000,"1,432.60",7.2672463,0.016184999
05/04/2000,"1,409.60",7.2510613,-0.003894224
05/03/2000,"1,415.10",7.2549555,-0.021808371
05/02/2000,"1,446.30",7.2767639,-0.01502859
05/01/2000,"1,468.20",7.2917924,0.0108198
04/28/2000,"1,452.40",7.2809726,-0.00856962
04/27/2000,"1,464.90",7.2895423,0.002665848
04/26/2000,"1,461.00",7.2868764,-0.011162653
04/25/2000,"1,477.40",7.2980391,0.032679274
04/24/2000,"1,429.90",7.2653598,-0.003211845
04/20/2000,"1,434.50",7.2685716,0.004891694
04/19/2000,"1,427.50",7.2636799,-0.009828945
04/18/2000,"1,441.60",7.2735089,0.028281871
04/17/2000,"1,401.40",7.245227,0.032490167
04/14/2000,"1,356.60",7.2127368,-0.060008706
04/13/2000,"1,440.50",7.2727456,-0.018365547
04/12/2000,"1,467.20",7.2911111,-0.022509206
04/11/2000,"1,500.60",7.3136203,-0.002595589
04/10/2000,"1,504.50",7.3162159,-0.00781254
04/07/2000,"1,516.30",7.3240284,0.009941757
04/06/2000,"1,501.30",7.3140867,0.00930177
04/05/2000,"1,487.40",7.3047849,-0.004895889
04/04/2000,"1,494.70",7.3096808,-0.007531612
04/03/2000,"1,506.00",7.3172124,0.00492579
03/31/2000,"1,498.60",7.3122866,0.007165609
03/30/2000,"1,487.90",7.305121,-0.01375005
03/29/2000,"1,508.50",7.3188711,0.000530469
03/28/2000,"1,507.70",7.3183406,-0.010687528
03/27/2000,"1,523.90",7.3290281,-0.002359574
03/24/2000,"1,527.50",7.3313877,0.000130941
03/23/2000,"1,527.30",7.3312567,0.017636442
03/22/2000,"1,500.60",7.3136203,0.004474878
03/21/2000,"1,493.90",7.3091454,0.025285197
03/20/2000,"1,456.60",7.2838602,-0.005408934
03/17/2000,"1,464.50",7.2892692,0.004105377
03/16/2000,"1,458.50",7.2851638,0.046523281
03/15/2000,"1,392.20",7.2386405,0.023988938
03/14/2000,"1,359.20",7.2146516,-0.017792507
03/13/2000,"1,383.60",7.2324441,-0.008277299
03/10/2000,"1,395.10",7.2407214,-0.004719688
03/09/2000,"1,401.70",7.2454411,0.025286711
03/08/2000,"1,366.70",7.2201544,0.008154914
03/07/2000,"1,355.60",7.2119994,-0.025994401
03/06/2000,"1,391.30",7.2379938,-0.012783606
03/03/2000,"1,409.20",7.2507774,0.01963517
03/02/2000,"1,381.80",7.2311423,0.001883376
03/01/2000,"1,379.20",7.2292589,0.009324077
02/29/2000,"1,366.40",7.2199348,0.013557532
02/28/2000,"1,348.00",7.2063773,0.010889941
02/25/2000,"1,333.40",7.1954874,-0.014887874
02/24/2000,"1,353.40",7.2103752,-0.005379328
02/23/2000,"1,360.70",7.2157546,0.006266378
02/22/2000,"1,352.20",7.2094882,0.004521373
02/18/2000,"1,346.10",7.2049668,-0.030868454
02/17/2000,"1,388.30",7.2358353,0.000432277
02/16/2000,"1,387.70",7.235403,-0.010252088
02/15/2000,"1,402.00",7.2456551,0.008667987
02/14/2000,"1,389.90",7.2369871,0.002016565
02/11/2000,"1,387.10",7.2349705,-0.021185571
02/10/2000,"1,416.80",7.2561561,0.003606156
02/09/2000,"1,411.70",7.2525499,-0.021028321
02/08/2000,"1,441.70",7.2735783,0.01221272
02/07/2000,"1,424.20",7.2613655,-0.00014042
02/04/2000,"1,424.40",7.261506,-0.000421141
02/03/2000,"1,425.00",7.2619271,0.011220611
02/02/2000,"1,409.10",7.2507065,-0.000141924
02/01/2000,"1,409.30",7.2508484,0.010557199
01/31/2000,"1,394.50",7.2402912,0.02490418
01/28/2000,"1,360.20",7.215387,-0.027839989
01/27/2000,"1,398.60",7.243227,-0.003924792
01/26/2000,"1,404.10",7.2471518,-0.004193176
01/25/2000,"1,410.00",7.251345,0.006046613
01/24/2000,"1,401.50",7.2452984,-0.028071772
01/21/2000,"1,441.40",7.2733701,-0.002909597
01/20/2000,"1,445.60",7.2762797,-0.007099806
01/19/2000,"1,455.90",7.2833795,0.000549639
01/18/2000,"1,455.10",7.2828299,-0.006917125
01/14/2000,"1,465.20",7.289747,0.010635113
01/13/2000,"1,449.70",7.2791119,0.012144915
01/12/2000,"1,432.20",7.266967,-0.004458695
01/11/2000,"1,438.60",7.2714257,-0.013120829
01/10/2000,"1,457.60",7.2845465,0.011107009
01/07/2000,"1,441.50",7.2734395,0.026715121
01/06/2000,"1,403.50",7.2467244,0.000998004
01/05/2000,"1,402.10",7.2457264,0.001927539
01/04/2000,"1,399.40",7.2437989,-0.039099775
01/03/2000,"1,455.20",7.2828986,-0.009574687
,,,
